section	ui_label	profile	form_key	ui_control	required	control_option_source	local_destination	local_persisted	push_key	push_representation	portal_validation	portal_destination	portal_canonical_representation	portal_display_source	pull_round_trip	status	defect	proposed_action	evidence	implementation_evidence	e2e_result	e2e_evidence	company_variant_applicability	human_required_policy	tablet_validation_audit	portal_api_validation_audit	required_rule_classification	conditional_visibility_and_satisfiability	optional_omission_tablet_probe	optional_omission_portal_api_probe	work_level_human_acceptance	work_level_automated_validation	full_tablet_baseline	tablet_customer_view_render_source	alignment_investigation_finding	authoritative_alignment_status	authoritative_alignment_evidence
identity	Store / Account Name	all	name	text input	Yes	text	customers.name	Yes	name	string	required|string|max:255	customers.name	scalar name	ViewCustomer name	customers.name	COMPLETE	—	—	CustomerCreatePage::saveCustomer; SyncController::pushCustomer	Existing field path retained; no defect established.	PASS	Isolated normal-flow outlet E2E: Livewire Add -> Tablet DB -> HTTP push -> disposable Portal DB/API pull; existing Portal customer/profile/history snapshot unchanged.	OMMC (outlet), Last Mile (outlet), Fleet (fleet), OE (oe), IB (ib), CAR_CLUBS (outlet; extra mapped variant)	REQUIRED (one of two user-entered required fields).	required|string|max:255	required|string|max:255	TABLET_REQUIRED_RULE + PORTAL_API_REQUIRED_RULE	Visible and enabled in all five variants.	REQUIRED by clarified policy; not omitted	REQUIRED by API; not omitted	Human functional acceptance granted for Customer synchronization and view-alignment scope (2026-10-10). Fleet FLEET3741 Customer Information, Fleet Profile, Owner Profile, and Annual Category values observed in Portal. Row-level evidence and deferred blockers remain distinguished in this matrix and Work note.	OMMC-20261009 isolated feature validation: Portal 30 passed/350 assertions; Tablet 56 passed/426 assertions. Live physical-device/integrated API QA pending.	Last full run: 217 passed, 3 skipped, 6 failed; all six confirmed baseline/outdated expectations: 2 CustomerLocationMap, ExampleTest, 3 FirstLoginPersistence lastError expectations. See mirrored Work note.	Customer card/header or customerDetail.customer.name	No field-specific loss established from current code alone; compare local, request, Portal row, pull payload, and rendered state for the target Customer.	NEEDS RUNTIME EVIDENCE	Live disposable Portal API test across OMMC, Last Mile, CAR_CLUBS, Fleet, OE, IB verified push acknowledgment, Portal pull values, Tablet pull persistence, and Tablet Customer View for this value family. Detailed row-level destination is documented in code/schema audit; physical iPad and non-test DB remain unverified.
identity	Customer Code	all	unique_id (readonly)	readonly text input	No; Portal reservation	companies via company_id; Portal allocator	customers.unique_id + customer_code_reservation_token	Yes	unique_id + customer_code_reservation_token	reserved code + UUID token	nullable string; token nullable UUID; allocator consumes token or Portal allocates	customers.unique_id; customer_code_reservations	Portal-allocated Company code	ViewCustomer unique_id	customer.unique_id	COMPLETE	—	—	CustomerCreatePage::updatedCompanyId; SyncService::reserveCustomerCode; SyncController::reserveCustomerCode/pushCustomer	Existing field path retained; no defect established.	PASS	Isolated normal-flow outlet E2E: Livewire Add -> Tablet DB -> HTTP push -> disposable Portal DB/API pull; existing Portal customer/profile/history snapshot unchanged.	OMMC (outlet), Last Mile (outlet), Fleet (fleet), OE (oe), IB (ib), CAR_CLUBS (outlet; extra mapped variant)	SYSTEM-OWNED; user does not enter it. Not a required user field.	nullable|string|max:50; reservation runs on Company change; token optional on payload.	nullable string; token UUID if supplied and must resolve to same Company/code; allocator can assign if absent.	SYSTEM_OWNED_INVARIANT (reservation integrity); no field-completion requirement	Read-only code display; may remain blank if reservation unavailable; server allocator remains fallback.	PASS: minimal Add with this optional field blank across supported profile probe (unless activating condition)	PASS: minimal Portal create with optional field absent across supported profile probe (unless activating condition)	Human functional acceptance granted for Customer synchronization and view-alignment scope (2026-10-10). Fleet FLEET3741 Customer Information, Fleet Profile, Owner Profile, and Annual Category values observed in Portal. Row-level evidence and deferred blockers remain distinguished in this matrix and Work note.	OMMC-20261009 isolated feature validation: Portal 30 passed/350 assertions; Tablet 56 passed/426 assertions. Live physical-device/integrated API QA pending.	Last full run: 217 passed, 3 skipped, 6 failed; all six confirmed baseline/outdated expectations: 2 CustomerLocationMap, ExampleTest, 3 FirstLoginPersistence lastError expectations. See mirrored Work note.	Customer card/header or customerDetail.customer.unique_id	No field-specific loss established from current code alone; compare local, request, Portal row, pull payload, and rendered state for the target Customer.	NEEDS RUNTIME EVIDENCE	Live disposable Portal API test across OMMC, Last Mile, CAR_CLUBS, Fleet, OE, IB verified push acknowledgment, Portal pull values, Tablet pull persistence, and Tablet Customer View for this value family. Detailed row-level destination is documented in code/schema audit; physical iPad and non-test DB remain unverified.
identity	Company	all	company_id	single select	Yes	local companies reference data	customers.company_id	Yes	company_id	Portal Company ID	required|exists:companies,id; profile match	customers.company_id	Company FK + derived profile_type	ViewCustomer company.name/profile type	customer.company_id + companies	COMPLETE	—	—	TabletSyncPayload::lookups; SyncController::pushCustomer	Existing field path retained; no defect established.	PASS	Isolated normal-flow outlet E2E: Livewire Add -> Tablet DB -> HTTP push -> disposable Portal DB/API pull; existing Portal customer/profile/history snapshot unchanged.	OMMC (outlet), Last Mile (outlet), Fleet (fleet), OE (oe), IB (ib), CAR_CLUBS (outlet; extra mapped variant)	REQUIRED (one of two user-entered required fields).	required|exists:companies,id; profile must map to supported type.	required|exists:companies,id; submitted/derived profile_type must match Company.	TABLET_REQUIRED_RULE + PORTAL_API_REQUIRED_RULE + SYSTEM_OWNED_INVARIANT (profile match)	Visible and enabled in all five variants.	REQUIRED by clarified policy; not omitted	REQUIRED by API; not omitted	Human functional acceptance granted for Customer synchronization and view-alignment scope (2026-10-10). Fleet FLEET3741 Customer Information, Fleet Profile, Owner Profile, and Annual Category values observed in Portal. Row-level evidence and deferred blockers remain distinguished in this matrix and Work note.	OMMC-20261009 isolated feature validation: Portal 30 passed/350 assertions; Tablet 56 passed/426 assertions. Live physical-device/integrated API QA pending.	Last full run: 217 passed, 3 skipped, 6 failed; all six confirmed baseline/outdated expectations: 2 CustomerLocationMap, ExampleTest, 3 FirstLoginPersistence lastError expectations. See mirrored Work note.	Customer card/header or customerDetail.customer.company	No field-specific loss established from current code alone; compare local, request, Portal row, pull payload, and rendered state for the target Customer.	NEEDS RUNTIME EVIDENCE	Live disposable Portal API test across OMMC, Last Mile, CAR_CLUBS, Fleet, OE, IB verified push acknowledgment, Portal pull values, Tablet pull persistence, and Tablet Customer View for this value family. Detailed row-level destination is documented in code/schema audit; physical iPad and non-test DB remain unverified.
identity	General Category	all	general_category_id	single select	No	general_categories pulled from Portal	customers.general_category_id	Yes	general_category_id	Portal GeneralCategory ID	nullable|exists:general_categories,id	customers.general_category_id	scalar FK; distinct from annual category history	ViewCustomer generalCategory.name	customers.general_category_id + general_categories	COMPLETE	—	—	customer-create-page.blade.php; SyncService::pushCustomerRecord; ViewCustomer	Existing field path retained; no defect established.	PASS	Isolated normal-flow outlet E2E: Livewire Add -> Tablet DB -> HTTP push -> disposable Portal DB/API pull; existing Portal customer/profile/history snapshot unchanged.	OMMC (outlet), Last Mile (outlet), Fleet (fleet), OE (oe), IB (ib), CAR_CLUBS (outlet; extra mapped variant)	OPTIONAL: may be blank; validate only if supplied.	nullable|exists:general_categories,id	nullable|exists:general_categories,id	OPTIONAL + FK integrity if populated.	Visible for the listed profile/condition; enabled control; empty selection accepted unless noted.	PASS: minimal Add with this optional field blank across supported profile probe (unless activating condition)	PASS: minimal Portal create with optional field absent across supported profile probe (unless activating condition)	Human functional acceptance granted for Customer synchronization and view-alignment scope (2026-10-10). Fleet FLEET3741 Customer Information, Fleet Profile, Owner Profile, and Annual Category values observed in Portal. Row-level evidence and deferred blockers remain distinguished in this matrix and Work note.	OMMC-20261009 isolated feature validation: Portal 30 passed/350 assertions; Tablet 56 passed/426 assertions. Live physical-device/integrated API QA pending.	Last full run: 217 passed, 3 skipped, 6 failed; all six confirmed baseline/outdated expectations: 2 CustomerLocationMap, ExampleTest, 3 FirstLoginPersistence lastError expectations. See mirrored Work note.	Customer card/header or customerDetail.customer.generalCategory.name	CORRECTED: Portal sync applies optional scalar only when supplied; omitted values preserve current state and explicit nullable values clear. Required name/company, FK validation and system-owned Customer Code remain unchanged.	NEEDS RUNTIME EVIDENCE	Live disposable Portal API test across OMMC, Last Mile, CAR_CLUBS, Fleet, OE, IB verified push acknowledgment, Portal pull values, Tablet pull persistence, and Tablet Customer View for this value family. Detailed row-level destination is documented in code/schema audit; physical iPad and non-test DB remain unverified.
identity	Competitor Volume	all; shown when General Category ID=1	competitor_volume	single select	No; conditional	High=1, Medium=2, Low=3	customers.competitor_volume	Yes	competitor_volume	integer enum 1/2/3	nullable|integer|in:1,2,3	customers.competitor_volume	scalar enum meaningful for General Category 1	ViewCustomer competitor_volume formatted label	customers.competitor_volume	COMPLETE	—	—	updatedGeneralCategoryId clears value unless category 1	Existing field path retained; no defect established.	PASS	Isolated normal-flow outlet E2E: Livewire Add -> Tablet DB -> HTTP push -> disposable Portal DB/API pull; existing Portal customer/profile/history snapshot unchanged.	all; shown when General Category ID=1	OPTIONAL: may be blank; validate only if supplied.	nullable|integer|in:1,2,3	nullable|integer|in:1,2,3	OPTIONAL + conditional enum integrity.	Visible only when General Category ID is 1; enabled; blank allowed.	PASS: minimal Add with this optional field blank across supported profile probe (unless activating condition)	PASS: minimal Portal create with optional field absent across supported profile probe (unless activating condition)	Human functional acceptance granted for Customer synchronization and view-alignment scope (2026-10-10). Fleet FLEET3741 Customer Information, Fleet Profile, Owner Profile, and Annual Category values observed in Portal. Row-level evidence and deferred blockers remain distinguished in this matrix and Work note.	OMMC-20261009 isolated feature validation: Portal 30 passed/350 assertions; Tablet 56 passed/426 assertions. Live physical-device/integrated API QA pending.	Last full run: 217 passed, 3 skipped, 6 failed; all six confirmed baseline/outdated expectations: 2 CustomerLocationMap, ExampleTest, 3 FirstLoginPersistence lastError expectations. See mirrored Work note.	Customer card/header or customerDetail.customer.competitor_volume	CORRECTED: Portal sync applies optional scalar only when supplied; omitted values preserve current state and explicit nullable values clear. Required name/company, FK validation and system-owned Customer Code remain unchanged.	NEEDS RUNTIME EVIDENCE	Static path was inspected and disposable live Portal API flow exercised representative values across all six Company variants, Portal pull, Tablet hydration, and Tablet Customer View. This row lacks same-value assertion across every listed boundary/variant; do not infer alignment from matching names.
responsibility	Access	all	access_user_ids[]	multiple select	No; defaults authenticated local user; editable multiple	local users table	customer_user local pivot	Yes	access_user_emails	selected local users’ current exact email strings	every email exactly matches one Portal User; unknown or ambiguous fails; Access allowed without RSM and does not mutate RSM	customer_user Portal pivot	explicit many-to-many Access	ViewCustomer users.name / RSM derived from Access users	Portal access_user_emails + customer_users references -> exact email -> Tablet-local User IDs	COMPLETE	Corrected: Portal CustomerForm had required every Access User to have rsm_id; sync API did not.	No further Access validation change. Keep relationship existence and exact Tablet API identity validation; derive DRM/RSM without requiring RSM.	CustomerProfileFormService::saveAggregate; SyncService::pushCustomerRecord payload lacks access_user_ids; SyncController only syncs when key exists	SyncService push/pull; SyncController exact-email resolver; Portal contract tests for success, unknown/duplicate; Access with no RSM.	PASS	Disposable HTTP E2E resolved two Portal Users by email; Access pivot returned to the matching Tablet-local IDs; no RSM assigned.	OMMC (outlet), Last Mile (outlet), Fleet (fleet), OE (oe), IB (ib), CAR_CLUBS (outlet; extra mapped variant)	OPTIONAL: may be blank; validate only if supplied.	nullable|array; supplied local user IDs integer|exists.	Access email list optional; each list member must be valid unique email resolving exactly one Portal User.	OPTIONAL relationship; member integrity only when populated.	Visible for the listed profile/condition; enabled control; empty selection accepted unless noted.	PASS: minimal Add with this optional field blank across supported profile probe (unless activating condition)	PASS: minimal Portal create with optional field absent across supported profile probe (unless activating condition)	Human functional acceptance granted for Customer synchronization and view-alignment scope (2026-10-10). Fleet FLEET3741 Customer Information, Fleet Profile, Owner Profile, and Annual Category values observed in Portal. Row-level evidence and deferred blockers remain distinguished in this matrix and Work note.	OMMC-20261009 isolated feature validation: Portal 30 passed/350 assertions; Tablet 56 passed/426 assertions. Live physical-device/integrated API QA pending.	Last full run: 217 passed, 3 skipped, 6 failed; all six confirmed baseline/outdated expectations: 2 CustomerLocationMap, ExampleTest, 3 FirstLoginPersistence lastError expectations. See mirrored Work note.	CustomerPage.customerDetail.access_users from Customer.users local relationship; selected User names only are rendered.	Removed an extra Portal form-only RSM requirement. Portal form and Tablet sync API now agree: valid Access membership is allowed with or without an RSM; no RSM assignment is fabricated.	ALIGNED	Portal Customer Edit regression accepts multiple valid Access users with mixed RSM assignments, preserves both users’ rsm_id values and customer_user membership, and preserves Customer Code, PIC, nested Owner, Fleet profile values, and annual Category history; a fabricated nonexistent User ID fails relationship validation without replacing existing Access. Portal Tablet API contract tests accept no-RSM Access, validate exact user email identities, and reject unknown/duplicate emails. Tablet Add/Edit and Push/Pull Access coverage remains in focused suites. API Access persists customer_user; DRM/RSM remain derived from selected Users/roles and rsm_id.
responsibility	Person in Charge	outlet only	person_in_charge_id	single select	No in form; config declares required but executable Portal form/API do not	local users table	customers.person_in_charge_id	Yes	person_in_charge_email	selected local User current email string or null	exactly one Portal User by email; unknown/ambiguous fails; legacy numeric PIC input prohibited	customers.person_in_charge_id	Portal User FK	ViewCustomer personInCharge.name	person_in_charge_email + customer_users -> matching Tablet-local User ID	COMPLETE	Unused declarative config says required=true, but active Tablet/API validators and controls allow blank; Human policy is satisfied at runtime.	Treat optional; reconcile/remove stale field_rules metadata if approved in implementation scope.	SyncService::refreshToken User::updateOrCreate(email); CustomerCreatePage payload; SyncController validator; customer_trade_form.field_rules	field_rules is referenced only in config; saveCustomer uses nullable; Portal API email nullable.	PASS	Disposable HTTP E2E verified PIC email stored/resolved and mapped back to Tablet-local ID, distinct from Portal PK.	OMMC (outlet), Last Mile (outlet), CAR_CLUBS (outlet; extra mapped variant)	OPTIONAL under clarified Human authority.	nullable|integer|exists:users,id; config/customer_trade_form.php field_rules marks required=true but is unused declarative metadata.	person_in_charge_email nullable; resolves exact unique email if present.	No active required rule; stale declarative metadata says required for outlet and should be reconciled.	Rendered/enabled for outlet only; empty option available.	PASS: minimal Add with this optional field blank across supported profile probe (unless activating condition)	PASS: minimal Portal create with optional field absent across supported profile probe (unless activating condition)	Human functional acceptance granted for Customer synchronization and view-alignment scope (2026-10-10). Fleet FLEET3741 Customer Information, Fleet Profile, Owner Profile, and Annual Category values observed in Portal. Row-level evidence and deferred blockers remain distinguished in this matrix and Work note.	OMMC-20261009 isolated feature validation: Portal 30 passed/350 assertions; Tablet 56 passed/426 assertions. Live physical-device/integrated API QA pending.	Last full run: 217 passed, 3 skipped, 6 failed; all six confirmed baseline/outdated expectations: 2 CustomerLocationMap, ExampleTest, 3 FirstLoginPersistence lastError expectations. See mirrored Work note.	CustomerPage.customerDetail.customer.person_in_charge from Customer.personInCharge.	CORRECTED/VERIFIED: omitted PIC email preserves existing relation; explicit null clears it; Tablet now renders the current PIC name.	NEEDS RUNTIME EVIDENCE	Live disposable Portal API test across OMMC, Last Mile, CAR_CLUBS, Fleet, OE, IB verified push acknowledgment, Portal pull values, Tablet pull persistence, and Tablet Customer View for this value family. Detailed row-level destination is documented in code/schema audit; physical iPad and non-test DB remain unverified.
location	Region (physical)	all	physical_region_id	single select	No	regions where psgc_code is not null	no customers column; transient Livewire property	No	omitted	no physical_region_id key; Province and descendants remain canonical values	no request key/rule	none; physical Region can be derived from Municipality only	No standalone Region FK on Customer	ViewCustomer municipality.region.name (corrected); no standalone Region-only canonical destination	No Region-only round trip. Province/municipality descendants round-trip.	NOT_PERSISTED_LOCALLY	—	No change. Keep Physical Region transient; persist and validate selected descendants through canonical hierarchy.	physical_region_id is absent from Tablet Customer migration/model/payload and Portal push validator; ViewCustomer Region entry uses regionSpecific.region.name	Complete snapshot parsing/validation and transactional membership writes remain; local canonical reference rows are retained. Add/Edit loads options from local tables with enabled/parent filters; membership does not gate selection or explicit retry. Portal validates submitted references. Snapshot parser requires version, six sections, exact counts, valid row shape and parent links; replacement is transactional. Focused snapshot and location tests pass.	NOT_EXERCISED	Disposable SQLite/RefreshDatabase feature tests with HTTP fakes verify snapshot validation, rollback, membership filtering, and retained historical Customer references; integrated Tablet-to-Portal DB E2E was skipped/unavailable. Physical iPad remains pending.	OMMC (outlet), Last Mile (outlet), Fleet (fleet), OE (oe), IB (ib), CAR_CLUBS (outlet; extra mapped variant)	OPTIONAL: may be blank; validate only if supplied.	nullable|exists:regions,id; descendant hierarchy checks.	No physical_region_id key; no independent destination.	OPTIONAL relationship; canonical storage limitation, not required-field rule.	Visible for the listed profile/condition; enabled control; empty selection accepted unless noted.	PASS: minimal Add with this optional field blank across supported profile probe (unless activating condition)	PASS: minimal Portal create with optional field absent across supported profile probe (unless activating condition)	Human functional acceptance granted for Customer synchronization and view-alignment scope (2026-10-10). Fleet FLEET3741 Customer Information, Fleet Profile, Owner Profile, and Annual Category values observed in Portal. Row-level evidence and deferred blockers remain distinguished in this matrix and Work note.	OMMC-20261009 isolated feature validation: Portal 30 passed/350 assertions; Tablet 56 passed/426 assertions. Live physical-device/integrated API QA pending.	Last full run: 217 passed, 3 skipped, 6 failed; all six confirmed baseline/outdated expectations: 2 CustomerLocationMap, ExampleTest, 3 FirstLoginPersistence lastError expectations. See mirrored Work note.	customerDetail.physical_region derived through Municipality->Region; no independent Region-only Customer storage	Intentional transient selector/filter per current Human decision; lack of standalone persistence is by design, not a mismatch.	ALIGNED	Human-approved contract defines Physical Region as a transient selector/filter only; no independent Customer destination is intended. It filters Province options; descendants persist under their own canonical FKs and the displayed Region is derived through Municipality. No Region-only round-trip is promised.
location	Specific Region	all	region_specific_id	single select	No	region_specifics pulled from Portal	customers.region_specific_id	Yes	region_specific_id	Portal RegionSpecific ID	nullable|exists:region_specifics,id	customers.region_specific_id	commercial RegionSpecific FK	ViewCustomer regionSpecific.name and current Region via its parent	customers.region_specific_id + region_specifics	COMPLETE	Location lookups were refreshed only on first/no-municipality pull; later pulls could not acquire changed reference rows.	Refresh canonical Portal locations at each Customer pull start; do not remap by label.	CustomerCreatePage + SyncService; Portal Customer relation	Complete snapshot parsing/validation and transactional membership writes remain; local canonical reference rows are retained. Add/Edit loads options from local tables with enabled/parent filters; membership does not gate selection or explicit retry. Portal validates submitted references. Snapshot parser requires version, six sections, exact counts, valid row shape and parent links; replacement is transactional. Focused snapshot and location tests pass.	NOT_EXERCISED	Disposable SQLite/RefreshDatabase feature tests with HTTP fakes verify snapshot validation, rollback, membership filtering, and retained historical Customer references; integrated Tablet-to-Portal DB E2E was skipped/unavailable. Physical iPad remains pending.	OMMC (outlet), Last Mile (outlet), Fleet (fleet), OE (oe), IB (ib), CAR_CLUBS (outlet; extra mapped variant)	OPTIONAL: may be blank; validate only if supplied.	nullable FK exists check plus corresponding parent-child consistency check when relevant.	nullable FK exists; Province/Municipality/Barangay/AreaCluster parent rules when supplied.	OPTIONAL relationship; RELATIONSHIP_INTEGRITY_REQUIREMENT only when populated.	Visible for the listed profile/condition; enabled control; empty selection accepted unless noted.	PASS: minimal Add with this optional field blank across supported profile probe (unless activating condition)	PASS: minimal Portal create with optional field absent across supported profile probe (unless activating condition)	Human functional acceptance granted for Customer synchronization and view-alignment scope (2026-10-10). Fleet FLEET3741 Customer Information, Fleet Profile, Owner Profile, and Annual Category values observed in Portal. Row-level evidence and deferred blockers remain distinguished in this matrix and Work note.	OMMC-20261009 isolated feature validation: Portal 30 passed/350 assertions; Tablet 56 passed/426 assertions. Live physical-device/integrated API QA pending.	Last full run: 217 passed, 3 skipped, 6 failed; all six confirmed baseline/outdated expectations: 2 CustomerLocationMap, ExampleTest, 3 FirstLoginPersistence lastError expectations. See mirrored Work note.	customerDetail.regionSpecific.name	No field-specific loss established from current code alone; compare local, request, Portal row, pull payload, and rendered state for the target Customer.	NEEDS RUNTIME EVIDENCE	Customer Pull is independent of location snapshot application: exact Portal region_specific_id is retained in the nullable Tablet FK even if its local lookup row is unavailable. Invalid location snapshot remains rejected atomically; no ID remapping. Customer list reports partial result and full_sync_succeeded=false. Focused disposable tests cover invalid snapshot + Customer Pull. Physical iPad endpoint/runtime still unverified; location data blocker remains.
location	Area Cluster	all	area_cluster_id	single select	No	enabled area_clusters filtered by region_specific_id	customers.area_cluster_id	Yes	area_cluster_id	Portal AreaCluster ID	exists and area_clusters.region_specific_id must equal submitted region_specific_id	customers.area_cluster_id	commercial AreaCluster FK	ViewCustomer areaCluster.name	customers.area_cluster_id + area_clusters	COMPLETE	Before correction, sync API accepted any existing Area Cluster regardless of selected Specific Region; later reference pulls also failed to refresh location tables.	Implemented parent FK validation on Tablet and Portal and refresh references on every Customer pull; IDs remain canonical.	options filtered by Specific Region; Portal Form enforces matching Specific Region but sync API does not	Complete snapshot parsing/validation and transactional membership writes remain; local canonical reference rows are retained. Add/Edit loads options from local tables with enabled/parent filters; membership does not gate selection or explicit retry. Portal validates submitted references. Snapshot parser requires version, six sections, exact counts, valid row shape and parent links; replacement is transactional. Focused snapshot and location tests pass.	NOT_EXERCISED	Disposable SQLite/RefreshDatabase feature tests with HTTP fakes verify snapshot validation, rollback, membership filtering, and retained historical Customer references; integrated Tablet-to-Portal DB E2E was skipped/unavailable. Physical iPad remains pending.	OMMC (outlet), Last Mile (outlet), Fleet (fleet), OE (oe), IB (ib), CAR_CLUBS (outlet; extra mapped variant)	OPTIONAL: may be blank; validate only if supplied.	nullable FK exists check plus corresponding parent-child consistency check when relevant.	nullable FK exists; Province/Municipality/Barangay/AreaCluster parent rules when supplied.	OPTIONAL relationship; RELATIONSHIP_INTEGRITY_REQUIREMENT only when populated.	Visible for the listed profile/condition; enabled control; empty selection accepted unless noted.	PASS: minimal Add with this optional field blank across supported profile probe (unless activating condition)	PASS: minimal Portal create with optional field absent across supported profile probe (unless activating condition)	Human functional acceptance granted for Customer synchronization and view-alignment scope (2026-10-10). Fleet FLEET3741 Customer Information, Fleet Profile, Owner Profile, and Annual Category values observed in Portal. Row-level evidence and deferred blockers remain distinguished in this matrix and Work note.	OMMC-20261009 isolated feature validation: Portal 30 passed/350 assertions; Tablet 56 passed/426 assertions. Live physical-device/integrated API QA pending.	Last full run: 217 passed, 3 skipped, 6 failed; all six confirmed baseline/outdated expectations: 2 CustomerLocationMap, ExampleTest, 3 FirstLoginPersistence lastError expectations. See mirrored Work note.	customerDetail.areaCluster.name	No field-specific loss established from current code alone; compare local, request, Portal row, pull payload, and rendered state for the target Customer.	NEEDS RUNTIME EVIDENCE	Customer Pull is independent of location snapshot application: exact Portal area_cluster_id is retained in the nullable Tablet FK even if its local lookup row is unavailable. Invalid location snapshot remains rejected atomically; no ID remapping. Customer list reports partial result and full_sync_succeeded=false. Focused disposable tests cover invalid snapshot + Customer Pull. Physical iPad endpoint/runtime still unverified; parent data blocker remains.
location	Province	all	province_id	single select	No	enabled provinces filtered by physical_region_id	customers.province_id	Yes	province_id	Portal Province ID	nullable|exists; must match Municipality when set	customers.province_id	physical Province FK; may be derived from Municipality	ViewCustomer province.name / Municipality fallback	customers.province_id + provinces	COMPLETE	No code defect found for canonical IDs; read-only configured Portal reference snapshot includes 3 Provinces with null region_id, which cannot belong to a selectable physical Region.	Preserve canonical pull/filter and fail closed on missing or inconsistent parent; resolve source data separately.	Tablet and Portal validate physical hierarchy	Complete snapshot parsing/validation and transactional membership writes remain; local canonical reference rows are retained. Add/Edit loads options from local tables with enabled/parent filters; membership does not gate selection or explicit retry. Portal validates submitted references. Snapshot parser requires version, six sections, exact counts, valid row shape and parent links; replacement is transactional. Focused snapshot and location tests pass.	NOT_EXERCISED	Disposable SQLite/RefreshDatabase feature tests with HTTP fakes verify snapshot validation, rollback, membership filtering, and retained historical Customer references; integrated Tablet-to-Portal DB E2E was skipped/unavailable. Physical iPad remains pending.	OMMC (outlet), Last Mile (outlet), Fleet (fleet), OE (oe), IB (ib), CAR_CLUBS (outlet; extra mapped variant)	OPTIONAL: may be blank; validate only if supplied.	nullable FK exists check plus corresponding parent-child consistency check when relevant.	nullable FK exists; Province/Municipality/Barangay/AreaCluster parent rules when supplied.	OPTIONAL relationship; RELATIONSHIP_INTEGRITY_REQUIREMENT only when populated.	Visible for the listed profile/condition; enabled control; empty selection accepted unless noted.	PASS: minimal Add with this optional field blank across supported profile probe (unless activating condition)	PASS: minimal Portal create with optional field absent across supported profile probe (unless activating condition)	Human functional acceptance granted for Customer synchronization and view-alignment scope (2026-10-10). Fleet FLEET3741 Customer Information, Fleet Profile, Owner Profile, and Annual Category values observed in Portal. Row-level evidence and deferred blockers remain distinguished in this matrix and Work note.	OMMC-20261009 isolated feature validation: Portal 30 passed/350 assertions; Tablet 56 passed/426 assertions. Live physical-device/integrated API QA pending.	Last full run: 217 passed, 3 skipped, 6 failed; all six confirmed baseline/outdated expectations: 2 CustomerLocationMap, ExampleTest, 3 FirstLoginPersistence lastError expectations. See mirrored Work note.	customerDetail.province.name with Municipality fallback	No field-specific loss established from current code alone; compare local, request, Portal row, pull payload, and rendered state for the target Customer.	NEEDS RUNTIME EVIDENCE	Customer Pull is independent of location snapshot application: exact Portal province_id is retained in the nullable Tablet FK even if its local lookup row is unavailable. Invalid location snapshot remains rejected atomically; no ID remapping. Customer list reports partial result and full_sync_succeeded=false. Focused disposable tests cover invalid snapshot + Customer Pull. Physical iPad endpoint/runtime still unverified.
location	City / Municipality	all	municipality_id	single select	No	enabled municipalities filtered by physical Region and Province	customers.municipality_id	Yes	municipality_id	Portal Municipality ID	nullable|exists; physical region/province consistency checks	customers.municipality_id	physical locality FK	ViewCustomer municipality.name	customers.municipality_id + municipalities	COMPLETE	—	—	Tablet physicalGeographyIsValid; Portal push hierarchy checks	Complete snapshot parsing/validation and transactional membership writes remain; local canonical reference rows are retained. Add/Edit loads options from local tables with enabled/parent filters; membership does not gate selection or explicit retry. Portal validates submitted references. Snapshot parser requires version, six sections, exact counts, valid row shape and parent links; replacement is transactional. Focused snapshot and location tests pass.	NOT_EXERCISED	Disposable SQLite/RefreshDatabase feature tests with HTTP fakes verify snapshot validation, rollback, membership filtering, and retained historical Customer references; integrated Tablet-to-Portal DB E2E was skipped/unavailable. Physical iPad remains pending.	OMMC (outlet), Last Mile (outlet), Fleet (fleet), OE (oe), IB (ib), CAR_CLUBS (outlet; extra mapped variant)	OPTIONAL: may be blank; validate only if supplied.	nullable FK exists check plus corresponding parent-child consistency check when relevant.	nullable FK exists; Province/Municipality/Barangay/AreaCluster parent rules when supplied.	OPTIONAL relationship; RELATIONSHIP_INTEGRITY_REQUIREMENT only when populated.	Visible for the listed profile/condition; enabled control; empty selection accepted unless noted.	PASS: minimal Add with this optional field blank across supported profile probe (unless activating condition)	PASS: minimal Portal create with optional field absent across supported profile probe (unless activating condition)	Human functional acceptance granted for Customer synchronization and view-alignment scope (2026-10-10). Fleet FLEET3741 Customer Information, Fleet Profile, Owner Profile, and Annual Category values observed in Portal. Row-level evidence and deferred blockers remain distinguished in this matrix and Work note.	OMMC-20261009 isolated feature validation: Portal 30 passed/350 assertions; Tablet 56 passed/426 assertions. Live physical-device/integrated API QA pending.	Last full run: 217 passed, 3 skipped, 6 failed; all six confirmed baseline/outdated expectations: 2 CustomerLocationMap, ExampleTest, 3 FirstLoginPersistence lastError expectations. See mirrored Work note.	customerDetail.municipality.name	No field-specific loss established from current code alone; compare local, request, Portal row, pull payload, and rendered state for the target Customer.	NEEDS RUNTIME EVIDENCE	Customer Pull is independent of location snapshot application: exact Portal municipality_id is retained in the nullable Tablet FK even if its local lookup row is unavailable. Invalid location snapshot remains rejected atomically; no ID remapping. Customer list reports partial result and full_sync_succeeded=false. Focused disposable tests cover invalid snapshot + Customer Pull. Physical iPad endpoint/runtime still unverified.
location	Barangay	all	barangay_id	single select	No	enabled barangays filtered by Municipality	customers.barangay_id	Yes	barangay_id	Portal Barangay ID	nullable|exists and must belong to Municipality	customers.barangay_id	physical Barangay FK	ViewCustomer barangay.name	customers.barangay_id + barangays	COMPLETE	—	—	Tablet picker; Portal hierarchy check	Complete snapshot parsing/validation and transactional membership writes remain; local canonical reference rows are retained. Add/Edit loads options from local tables with enabled/parent filters; membership does not gate selection or explicit retry. Portal validates submitted references. Snapshot parser requires version, six sections, exact counts, valid row shape and parent links; replacement is transactional. Focused snapshot and location tests pass.	NOT_EXERCISED	Disposable SQLite/RefreshDatabase feature tests with HTTP fakes verify snapshot validation, rollback, membership filtering, and retained historical Customer references; integrated Tablet-to-Portal DB E2E was skipped/unavailable. Physical iPad remains pending.	OMMC (outlet), Last Mile (outlet), Fleet (fleet), OE (oe), IB (ib), CAR_CLUBS (outlet; extra mapped variant)	OPTIONAL: may be blank; validate only if supplied.	nullable FK exists check plus corresponding parent-child consistency check when relevant.	nullable FK exists; Province/Municipality/Barangay/AreaCluster parent rules when supplied.	OPTIONAL relationship; RELATIONSHIP_INTEGRITY_REQUIREMENT only when populated.	Visible for the listed profile/condition; enabled control; empty selection accepted unless noted.	PASS: minimal Add with this optional field blank across supported profile probe (unless activating condition)	PASS: minimal Portal create with optional field absent across supported profile probe (unless activating condition)	Human functional acceptance granted for Customer synchronization and view-alignment scope (2026-10-10). Fleet FLEET3741 Customer Information, Fleet Profile, Owner Profile, and Annual Category values observed in Portal. Row-level evidence and deferred blockers remain distinguished in this matrix and Work note.	OMMC-20261009 isolated feature validation: Portal 30 passed/350 assertions; Tablet 56 passed/426 assertions. Live physical-device/integrated API QA pending.	Last full run: 217 passed, 3 skipped, 6 failed; all six confirmed baseline/outdated expectations: 2 CustomerLocationMap, ExampleTest, 3 FirstLoginPersistence lastError expectations. See mirrored Work note.	customerDetail.barangay.name	No field-specific loss established from current code alone; compare local, request, Portal row, pull payload, and rendered state for the target Customer.	NEEDS RUNTIME EVIDENCE	Customer Pull is independent of location snapshot application: exact Portal barangay_id is retained in the nullable Tablet FK even if its local lookup row is unavailable. Invalid location snapshot remains rejected atomically; no ID remapping. Customer list reports partial result and full_sync_succeeded=false. Focused disposable tests cover invalid snapshot + Customer Pull. Physical iPad endpoint/runtime still unverified.
location	Address	all	address (shown twice)	text input	No	free text; map lookup can suggest	customers.address	Yes	address	string	nullable|string|max:500	customers.address	free text	ViewCustomer address	customers.address	COMPLETE	—	—	Both address controls bind same property	Existing field path retained; no defect established.	PASS	Isolated normal-flow outlet E2E: Livewire Add -> Tablet DB -> HTTP push -> disposable Portal DB/API pull; existing Portal customer/profile/history snapshot unchanged.	OMMC (outlet), Last Mile (outlet), Fleet (fleet), OE (oe), IB (ib), CAR_CLUBS (outlet; extra mapped variant)	OPTIONAL: may be blank; validate only if supplied.	nullable|string|max:500	nullable|string|max:500	OPTIONAL + format integrity.	Visible for the listed profile/condition; enabled control; empty selection accepted unless noted.	PASS: minimal Add with this optional field blank across supported profile probe (unless activating condition)	PASS: minimal Portal create with optional field absent across supported profile probe (unless activating condition)	Human functional acceptance granted for Customer synchronization and view-alignment scope (2026-10-10). Fleet FLEET3741 Customer Information, Fleet Profile, Owner Profile, and Annual Category values observed in Portal. Row-level evidence and deferred blockers remain distinguished in this matrix and Work note.	OMMC-20261009 isolated feature validation: Portal 30 passed/350 assertions; Tablet 56 passed/426 assertions. Live physical-device/integrated API QA pending.	Last full run: 217 passed, 3 skipped, 6 failed; all six confirmed baseline/outdated expectations: 2 CustomerLocationMap, ExampleTest, 3 FirstLoginPersistence lastError expectations. See mirrored Work note.	Customer card/header or customerDetail.customer.address	CORRECTED: Portal sync applies optional scalar only when supplied; omitted values preserve current state and explicit nullable values clear. Required name/company, FK validation and system-owned Customer Code remain unchanged.	NEEDS RUNTIME EVIDENCE	Static path was inspected and disposable live Portal API flow exercised representative values across all six Company variants, Portal pull, Tablet hydration, and Tablet Customer View. This row lacks same-value assertion across every listed boundary/variant; do not infer alignment from matching names.
location	Latitude	all	latitude	numeric input; map pin/current location actions	No	numeric/map pin/current position	customers.latitude	Yes	latitude	numeric string/decimal	nullable|numeric	customers.latitude	decimal coordinate	ViewCustomer latitude	customers.latitude	COMPLETE	—	—	map writes 7 decimal places; Tablet decimal scale 6	Existing field path retained; no defect established.	PASS	Isolated normal-flow outlet E2E: Livewire Add -> Tablet DB -> HTTP push -> disposable Portal DB/API pull; existing Portal customer/profile/history snapshot unchanged.	OMMC (outlet), Last Mile (outlet), Fleet (fleet), OE (oe), IB (ib), CAR_CLUBS (outlet; extra mapped variant)	OPTIONAL: may be blank; validate only if supplied.	nullable|numeric	nullable|numeric	OPTIONAL + type/coordinate pair validity not fully enforced as pair.	Visible for the listed profile/condition; enabled control; empty selection accepted unless noted.	PASS: minimal Add with this optional field blank across supported profile probe (unless activating condition)	PASS: minimal Portal create with optional field absent across supported profile probe (unless activating condition)	Human functional acceptance granted for Customer synchronization and view-alignment scope (2026-10-10). Fleet FLEET3741 Customer Information, Fleet Profile, Owner Profile, and Annual Category values observed in Portal. Row-level evidence and deferred blockers remain distinguished in this matrix and Work note.	OMMC-20261009 isolated feature validation: Portal 30 passed/350 assertions; Tablet 56 passed/426 assertions. Live physical-device/integrated API QA pending.	Last full run: 217 passed, 3 skipped, 6 failed; all six confirmed baseline/outdated expectations: 2 CustomerLocationMap, ExampleTest, 3 FirstLoginPersistence lastError expectations. See mirrored Work note.	Customer card/header or customerDetail.customer.latitude	CORRECTED: Portal sync applies optional scalar only when supplied; omitted values preserve current state and explicit nullable values clear. Required name/company, FK validation and system-owned Customer Code remain unchanged.	NEEDS RUNTIME EVIDENCE	Static path was inspected and disposable live Portal API flow exercised representative values across all six Company variants, Portal pull, Tablet hydration, and Tablet Customer View. This row lacks same-value assertion across every listed boundary/variant; do not infer alignment from matching names.
location	Longitude	all	longitude	numeric input; map pin/current location actions	No	numeric/map pin/current position	customers.longitude	Yes	longitude	numeric string/decimal	nullable|numeric	customers.longitude	decimal coordinate	ViewCustomer longitude	customers.longitude	COMPLETE	—	—	map writes 7 decimal places; Tablet decimal scale 6	Existing field path retained; no defect established.	PASS	Isolated normal-flow outlet E2E: Livewire Add -> Tablet DB -> HTTP push -> disposable Portal DB/API pull; existing Portal customer/profile/history snapshot unchanged.	OMMC (outlet), Last Mile (outlet), Fleet (fleet), OE (oe), IB (ib), CAR_CLUBS (outlet; extra mapped variant)	OPTIONAL: may be blank; validate only if supplied.	nullable|numeric	nullable|numeric	OPTIONAL + type/coordinate pair validity not fully enforced as pair.	Visible for the listed profile/condition; enabled control; empty selection accepted unless noted.	PASS: minimal Add with this optional field blank across supported profile probe (unless activating condition)	PASS: minimal Portal create with optional field absent across supported profile probe (unless activating condition)	Human functional acceptance granted for Customer synchronization and view-alignment scope (2026-10-10). Fleet FLEET3741 Customer Information, Fleet Profile, Owner Profile, and Annual Category values observed in Portal. Row-level evidence and deferred blockers remain distinguished in this matrix and Work note.	OMMC-20261009 isolated feature validation: Portal 30 passed/350 assertions; Tablet 56 passed/426 assertions. Live physical-device/integrated API QA pending.	Last full run: 217 passed, 3 skipped, 6 failed; all six confirmed baseline/outdated expectations: 2 CustomerLocationMap, ExampleTest, 3 FirstLoginPersistence lastError expectations. See mirrored Work note.	Customer card/header or customerDetail.customer.longitude	CORRECTED: Portal sync applies optional scalar only when supplied; omitted values preserve current state and explicit nullable values clear. Required name/company, FK validation and system-owned Customer Code remain unchanged.	NEEDS RUNTIME EVIDENCE	Static path was inspected and disposable live Portal API flow exercised representative values across all six Company variants, Portal pull, Tablet hydration, and Tablet Customer View. This row lacks same-value assertion across every listed boundary/variant; do not infer alignment from matching names.
profile	Contact Person	all	contact_person	text input	No	free text	customers.contact_person	Yes	contact_person	string	nullable|string|max:255	customers.contact_person	scalar text	ViewCustomer contact_person	customers.contact_person	COMPLETE	—	—	Current Tablet Add Customer form/page, CustomerProfileFormService, SyncService, Portal SyncController, CustomerProfileService, ViewCustomer, and TabletSyncPayload	Existing field path retained; no defect established.	PASS	Isolated normal-flow outlet E2E: Livewire Add -> Tablet DB -> HTTP push -> disposable Portal DB/API pull; existing Portal customer/profile/history snapshot unchanged.	OMMC (outlet), Last Mile (outlet), Fleet (fleet), OE (oe), IB (ib), CAR_CLUBS (outlet; extra mapped variant)	OPTIONAL: may be blank; validate only if supplied.	No unconditional required rule; see field value/type/relationship rule below.	No unconditional API required rule; see field value/type/relationship rule below.	RELATIONSHIP_INTEGRITY_REQUIREMENT when populated; otherwise optional.	Visible for the listed profile/condition; enabled control; empty selection accepted unless noted.	PASS: minimal Add with this optional field blank across supported profile probe (unless activating condition)	PASS: minimal Portal create with optional field absent across supported profile probe (unless activating condition)	Human functional acceptance granted for Customer synchronization and view-alignment scope (2026-10-10). Fleet FLEET3741 Customer Information, Fleet Profile, Owner Profile, and Annual Category values observed in Portal. Row-level evidence and deferred blockers remain distinguished in this matrix and Work note.	OMMC-20261009 isolated feature validation: Portal 30 passed/350 assertions; Tablet 56 passed/426 assertions. Live physical-device/integrated API QA pending.	Last full run: 217 passed, 3 skipped, 6 failed; all six confirmed baseline/outdated expectations: 2 CustomerLocationMap, ExampleTest, 3 FirstLoginPersistence lastError expectations. See mirrored Work note.	Customer card/header or customerDetail.customer.contact_person	CORRECTED: Portal sync applies optional scalar only when supplied; omitted values preserve current state and explicit nullable values clear. Required name/company, FK validation and system-owned Customer Code remain unchanged.	NEEDS RUNTIME EVIDENCE	Live disposable Portal API test across OMMC, Last Mile, CAR_CLUBS, Fleet, OE, IB verified push acknowledgment, Portal pull values, Tablet pull persistence, and Tablet Customer View for this value family. Detailed row-level destination is documented in code/schema audit; physical iPad and non-test DB remain unverified.
profile	Business Landline Number	all	business_landline_number	text input	No	free text	customers.business_landline_number	Yes	business_landline_number	string	nullable|string|max:50	customers.business_landline_number	scalar text	ViewCustomer business_landline_number	customers.business_landline_number	COMPLETE	—	—	Current Tablet Add Customer form/page, CustomerProfileFormService, SyncService, Portal SyncController, CustomerProfileService, ViewCustomer, and TabletSyncPayload	Existing field path retained; no defect established.	NOT_EXERCISED	Not covered by the isolated outlet Add Customer E2E fixture.	OMMC (outlet), Last Mile (outlet), Fleet (fleet), OE (oe), IB (ib), CAR_CLUBS (outlet; extra mapped variant)	OPTIONAL: may be blank; validate only if supplied.	No unconditional required rule; see field value/type/relationship rule below.	No unconditional API required rule; see field value/type/relationship rule below.	RELATIONSHIP_INTEGRITY_REQUIREMENT when populated; otherwise optional.	Visible for the listed profile/condition; enabled control; empty selection accepted unless noted.	PASS: minimal Add with this optional field blank across supported profile probe (unless activating condition)	PASS: minimal Portal create with optional field absent across supported profile probe (unless activating condition)	Human functional acceptance granted for Customer synchronization and view-alignment scope (2026-10-10). Fleet FLEET3741 Customer Information, Fleet Profile, Owner Profile, and Annual Category values observed in Portal. Row-level evidence and deferred blockers remain distinguished in this matrix and Work note.	OMMC-20261009 isolated feature validation: Portal 30 passed/350 assertions; Tablet 56 passed/426 assertions. Live physical-device/integrated API QA pending.	Last full run: 217 passed, 3 skipped, 6 failed; all six confirmed baseline/outdated expectations: 2 CustomerLocationMap, ExampleTest, 3 FirstLoginPersistence lastError expectations. See mirrored Work note.	CustomerPage.customerDetail.customer field from local Customer row; now rendered in Customer Information.	CORRECTED: populated field now appears in Tablet Customer View; Portal sparse update preserves omission and accepts explicit nullable clear.	NEEDS RUNTIME EVIDENCE	Live disposable Portal API test across OMMC, Last Mile, CAR_CLUBS, Fleet, OE, IB verified push acknowledgment, Portal pull values, Tablet pull persistence, and Tablet Customer View for this value family. Detailed row-level destination is documented in code/schema audit; physical iPad and non-test DB remain unverified.
profile	Business Mobile Number	all	business_mobile_number	text input	No	free text	customers.business_mobile_number	Yes	business_mobile_number	string	nullable|string|max:50	customers.business_mobile_number	scalar text	ViewCustomer business_mobile_number	customers.business_mobile_number	COMPLETE	—	—	Current Tablet Add Customer form/page, CustomerProfileFormService, SyncService, Portal SyncController, CustomerProfileService, ViewCustomer, and TabletSyncPayload	Existing field path retained; no defect established.	NOT_EXERCISED	Not covered by the isolated outlet Add Customer E2E fixture.	OMMC (outlet), Last Mile (outlet), Fleet (fleet), OE (oe), IB (ib), CAR_CLUBS (outlet; extra mapped variant)	OPTIONAL: may be blank; validate only if supplied.	No unconditional required rule; see field value/type/relationship rule below.	No unconditional API required rule; see field value/type/relationship rule below.	RELATIONSHIP_INTEGRITY_REQUIREMENT when populated; otherwise optional.	Visible for the listed profile/condition; enabled control; empty selection accepted unless noted.	PASS: minimal Add with this optional field blank across supported profile probe (unless activating condition)	PASS: minimal Portal create with optional field absent across supported profile probe (unless activating condition)	Human functional acceptance granted for Customer synchronization and view-alignment scope (2026-10-10). Fleet FLEET3741 Customer Information, Fleet Profile, Owner Profile, and Annual Category values observed in Portal. Row-level evidence and deferred blockers remain distinguished in this matrix and Work note.	OMMC-20261009 isolated feature validation: Portal 30 passed/350 assertions; Tablet 56 passed/426 assertions. Live physical-device/integrated API QA pending.	Last full run: 217 passed, 3 skipped, 6 failed; all six confirmed baseline/outdated expectations: 2 CustomerLocationMap, ExampleTest, 3 FirstLoginPersistence lastError expectations. See mirrored Work note.	CustomerPage.customerDetail.customer field from local Customer row; now rendered in Customer Information.	CORRECTED: populated field now appears in Tablet Customer View; Portal sparse update preserves omission and accepts explicit nullable clear.	NEEDS RUNTIME EVIDENCE	Live disposable Portal API test across OMMC, Last Mile, CAR_CLUBS, Fleet, OE, IB verified push acknowledgment, Portal pull values, Tablet pull persistence, and Tablet Customer View for this value family. Detailed row-level destination is documented in code/schema audit; physical iPad and non-test DB remain unverified.
profile	Date Established	all	date_established	date input	No	date input	customers.date_established	Yes	date_established	Y-m-d	nullable|date	customers.date_established	date	ViewCustomer date_established	customers.date_established	COMPLETE	—	—	Current Tablet Add Customer form/page, CustomerProfileFormService, SyncService, Portal SyncController, CustomerProfileService, ViewCustomer, and TabletSyncPayload	Existing field path retained; no defect established.	PASS	Isolated normal-flow outlet E2E: Livewire Add -> Tablet DB -> HTTP push -> disposable Portal DB/API pull; existing Portal customer/profile/history snapshot unchanged.	OMMC (outlet), Last Mile (outlet), Fleet (fleet), OE (oe), IB (ib), CAR_CLUBS (outlet; extra mapped variant)	OPTIONAL: may be blank; validate only if supplied.	nullable|date	nullable|date	OPTIONAL + format integrity.	Visible for the listed profile/condition; enabled control; empty selection accepted unless noted.	PASS: minimal Add with this optional field blank across supported profile probe (unless activating condition)	PASS: minimal Portal create with optional field absent across supported profile probe (unless activating condition)	Human functional acceptance granted for Customer synchronization and view-alignment scope (2026-10-10). Fleet FLEET3741 Customer Information, Fleet Profile, Owner Profile, and Annual Category values observed in Portal. Row-level evidence and deferred blockers remain distinguished in this matrix and Work note.	OMMC-20261009 isolated feature validation: Portal 30 passed/350 assertions; Tablet 56 passed/426 assertions. Live physical-device/integrated API QA pending.	Last full run: 217 passed, 3 skipped, 6 failed; all six confirmed baseline/outdated expectations: 2 CustomerLocationMap, ExampleTest, 3 FirstLoginPersistence lastError expectations. See mirrored Work note.	CustomerPage.customerDetail.customer field from local Customer row; now rendered in Customer Information.	CORRECTED: populated field now appears in Tablet Customer View; Portal sparse update preserves omission and accepts explicit nullable clear.	NEEDS RUNTIME EVIDENCE	Live disposable Portal API test across OMMC, Last Mile, CAR_CLUBS, Fleet, OE, IB verified push acknowledgment, Portal pull values, Tablet pull persistence, and Tablet Customer View for this value family. Detailed row-level destination is documented in code/schema audit; physical iPad and non-test DB remain unverified.
profile	Active	all	is_active	checkbox	defaults true	checkbox	customers.is_active	Yes	is_active	boolean	boolean; defaults true	customers.is_active	boolean	ViewCustomer Status	customers.is_active	COMPLETE	—	—	Current Tablet Add Customer form/page, CustomerProfileFormService, SyncService, Portal SyncController, CustomerProfileService, ViewCustomer, and TabletSyncPayload	Existing field path retained; no defect established.	PASS	Isolated normal-flow outlet E2E: Livewire Add -> Tablet DB -> HTTP push -> disposable Portal DB/API pull; existing Portal customer/profile/history snapshot unchanged.	OMMC (outlet), Last Mile (outlet), Fleet (fleet), OE (oe), IB (ib), CAR_CLUBS (outlet; extra mapped variant)	OPTIONAL: may be blank; validate only if supplied.	Boolean property default true; no required rule.	boolean; payload always includes generated/current bool.	SYSTEM DEFAULT; not required user completion.	Visible for the listed profile/condition; enabled control; empty selection accepted unless noted.	PASS: minimal Add with this optional field blank across supported profile probe (unless activating condition)	PASS: minimal Portal create with optional field absent across supported profile probe (unless activating condition)	Human functional acceptance granted for Customer synchronization and view-alignment scope (2026-10-10). Fleet FLEET3741 Customer Information, Fleet Profile, Owner Profile, and Annual Category values observed in Portal. Row-level evidence and deferred blockers remain distinguished in this matrix and Work note.	OMMC-20261009 isolated feature validation: Portal 30 passed/350 assertions; Tablet 56 passed/426 assertions. Live physical-device/integrated API QA pending.	Last full run: 217 passed, 3 skipped, 6 failed; all six confirmed baseline/outdated expectations: 2 CustomerLocationMap, ExampleTest, 3 FirstLoginPersistence lastError expectations. See mirrored Work note.	Customer card/header or customerDetail.customer.is_active	No field-specific loss established from current code alone; compare local, request, Portal row, pull payload, and rendered state for the target Customer.	NEEDS RUNTIME EVIDENCE	Static path was inspected and disposable live Portal API flow exercised representative values across all six Company variants, Portal pull, Tablet hydration, and Tablet Customer View. This row lacks same-value assertion across every listed boundary/variant; do not infer alignment from matching names.
outlet	Entry Detail	outlet	trade.entry_detail	single select	No	customer_trade_form.profile_entry_details.outlet (AB, MCB, AB/MCB)	customer_trade_profiles.entry_detail	Yes	trade_profile.entry_detail	string; legacy AB and MCB normalized to AB/MCB	nullable|string; Portal normalizes legacy label; stream must agree	customer_trade_profiles.entry_detail	profile discriminator for annual AB/MCB streams	ViewCustomer tradeProfile.entry_detail	customer_trade_profiles.entry_detail	COMPLETE	—	—	Current Tablet Add Customer form/page, CustomerProfileFormService, SyncService, Portal SyncController, CustomerProfileService, ViewCustomer, and TabletSyncPayload	Existing field path retained; no defect established.	PASS	Isolated normal-flow outlet E2E: Livewire Add -> Tablet DB -> HTTP push -> disposable Portal DB/API pull; existing Portal customer/profile/history snapshot unchanged.	OMMC (outlet), Last Mile (outlet), CAR_CLUBS (outlet; extra mapped variant)	OPTIONAL: may be blank; validate only if supplied.	No explicit saveCustomer field/type/option rule for this trade property; HTML options constrain ordinary UI selections only.	Generally nullable array/string rule when present; option membership is not consistently enforced.	OPTIONAL; value-integrity validation gap when request is tampered or stale.	Visible for the listed profile/condition; enabled control; empty selection accepted unless noted.	PASS: minimal Add with this optional field blank across supported profile probe (unless activating condition)	PASS: minimal Portal create with optional field absent across supported profile probe (unless activating condition)	Human functional acceptance granted for Customer synchronization and view-alignment scope (2026-10-10). Fleet FLEET3741 Customer Information, Fleet Profile, Owner Profile, and Annual Category values observed in Portal. Row-level evidence and deferred blockers remain distinguished in this matrix and Work note.	OMMC-20261009 isolated feature validation: Portal 30 passed/350 assertions; Tablet 56 passed/426 assertions. Live physical-device/integrated API QA pending.	Last full run: 217 passed, 3 skipped, 6 failed; all six confirmed baseline/outdated expectations: 2 CustomerLocationMap, ExampleTest, 3 FirstLoginPersistence lastError expectations. See mirrored Work note.	customerDetail.tradeProfile typed columns and/or profile_data.active scalar loop; nested values may not render	No field-specific loss established from current code alone; compare local, request, Portal row, pull payload, and rendered state for the target Customer.	NEEDS RUNTIME EVIDENCE	Static path was inspected and disposable live Portal API flow exercised representative values across all six Company variants, Portal pull, Tablet hydration, and Tablet Customer View. This row lacks same-value assertion across every listed boundary/variant; do not infer alignment from matching names.
oe	Entry Detail	oe	trade.entry_detail	single select	No	profile_entry_details.oe (AB, AB/MCB, MCB, Acid)	customer_trade_profiles.entry_detail	Yes	trade_profile.entry_detail	string	nullable|string	customer_trade_profiles.entry_detail	OE entry discriminator	ViewCustomer tradeProfile.entry_detail	customer_trade_profiles.entry_detail	COMPLETE	—	—	Current Tablet Add Customer form/page, CustomerProfileFormService, SyncService, Portal SyncController, CustomerProfileService, ViewCustomer, and TabletSyncPayload	Existing field path retained; no defect established.	PASS	Isolated normal-flow outlet E2E: Livewire Add -> Tablet DB -> HTTP push -> disposable Portal DB/API pull; existing Portal customer/profile/history snapshot unchanged.	OE (oe)	OPTIONAL: may be blank; validate only if supplied.	No explicit saveCustomer field/type/option rule for this trade property; HTML options constrain ordinary UI selections only.	Generally nullable array/string rule when present; option membership is not consistently enforced.	OPTIONAL; value-integrity validation gap when request is tampered or stale.	Visible for the listed profile/condition; enabled control; empty selection accepted unless noted.	PASS: minimal Add with this optional field blank across supported profile probe (unless activating condition)	PASS: minimal Portal create with optional field absent across supported profile probe (unless activating condition)	Human functional acceptance granted for Customer synchronization and view-alignment scope (2026-10-10). Fleet FLEET3741 Customer Information, Fleet Profile, Owner Profile, and Annual Category values observed in Portal. Row-level evidence and deferred blockers remain distinguished in this matrix and Work note.	OMMC-20261009 isolated feature validation: Portal 30 passed/350 assertions; Tablet 56 passed/426 assertions. Live physical-device/integrated API QA pending.	Last full run: 217 passed, 3 skipped, 6 failed; all six confirmed baseline/outdated expectations: 2 CustomerLocationMap, ExampleTest, 3 FirstLoginPersistence lastError expectations. See mirrored Work note.	customerDetail.tradeProfile typed columns and/or profile_data.active scalar loop; nested values may not render	No field-specific loss established from current code alone; compare local, request, Portal row, pull payload, and rendered state for the target Customer.	NEEDS RUNTIME EVIDENCE	Static path was inspected and disposable live Portal API flow exercised representative values across all six Company variants, Portal pull, Tablet hydration, and Tablet Customer View. This row lacks same-value assertion across every listed boundary/variant; do not infer alignment from matching names.
outlet	Classifications	outlet	trade.classifications[]	multiple select	No	profile_classifications.outlet	customer_trade_profiles.classifications JSON	Yes	trade_profile.classifications[]	string array	nullable array of strings	customer_trade_profiles.classifications	typed classification array	ViewCustomer tradeProfile.classifications	customer_trade_profiles.classifications	COMPLETE	—	—	Current Tablet Add Customer form/page, CustomerProfileFormService, SyncService, Portal SyncController, CustomerProfileService, ViewCustomer, and TabletSyncPayload	Existing field path retained; no defect established.	NOT_EXERCISED	Not covered by the isolated outlet Add Customer E2E fixture.	OMMC (outlet), Last Mile (outlet), CAR_CLUBS (outlet; extra mapped variant)	OPTIONAL: may be blank; validate only if supplied.	No explicit saveCustomer field/type/option rule for this trade property; HTML options constrain ordinary UI selections only.	Generally nullable array/string rule when present; option membership is not consistently enforced.	OPTIONAL; value-integrity validation gap when request is tampered or stale.	Visible for the listed profile/condition; enabled control; empty selection accepted unless noted.	PASS: minimal Add with this optional field blank across supported profile probe (unless activating condition)	PASS: minimal Portal create with optional field absent across supported profile probe (unless activating condition)	Human functional acceptance granted for Customer synchronization and view-alignment scope (2026-10-10). Fleet FLEET3741 Customer Information, Fleet Profile, Owner Profile, and Annual Category values observed in Portal. Row-level evidence and deferred blockers remain distinguished in this matrix and Work note.	OMMC-20261009 isolated feature validation: Portal 30 passed/350 assertions; Tablet 56 passed/426 assertions. Live physical-device/integrated API QA pending.	Last full run: 217 passed, 3 skipped, 6 failed; all six confirmed baseline/outdated expectations: 2 CustomerLocationMap, ExampleTest, 3 FirstLoginPersistence lastError expectations. See mirrored Work note.	customerDetail.tradeProfile typed columns and/or profile_data.active scalar loop; nested values may not render	No field-specific loss established from current code alone; compare local, request, Portal row, pull payload, and rendered state for the target Customer.	NEEDS RUNTIME EVIDENCE	Live disposable Portal API test across OMMC, Last Mile, CAR_CLUBS, Fleet, OE, IB verified push acknowledgment, Portal pull values, Tablet pull persistence, and Tablet Customer View for this value family. Detailed row-level destination is documented in code/schema audit; physical iPad and non-test DB remain unverified.
fleet	Classification	fleet	active.classifications	text input	No	profile_classifications.fleet	customer_trade_profiles.profile_data.active.classifications	Yes	profile_data.active.classifications	string	profile_data nullable array; classification if present must be array	customer_trade_profiles.profile_data.active.classifications	active profile JSON value	ViewCustomer active.classifications	customer_trade_profiles.profile_data	COMPLETE	—	—	Current Tablet Add Customer form/page, CustomerProfileFormService, SyncService, Portal SyncController, CustomerProfileService, ViewCustomer, and TabletSyncPayload	Existing field path retained; no defect established.	NOT_EXERCISED	Not covered by the isolated outlet Add Customer E2E fixture.	Fleet (fleet)	OPTIONAL: may be blank; validate only if supplied.	No explicit field/type/option rule except active.conversion_program and the two conditional conflicts.	profile_data is nullable|array; no nested active field validation except conditional aborts.	OPTIONAL; value-integrity validation gap when request is tampered or stale.	Visible for the listed profile/condition; enabled control; empty selection accepted unless noted.	PASS: minimal Add with this optional field blank across supported profile probe (unless activating condition)	PASS: minimal Portal create with optional field absent across supported profile probe (unless activating condition)	Human functional acceptance granted for Customer synchronization and view-alignment scope (2026-10-10). Fleet FLEET3741 Customer Information, Fleet Profile, Owner Profile, and Annual Category values observed in Portal. Row-level evidence and deferred blockers remain distinguished in this matrix and Work note.	OMMC-20261009 isolated feature validation: Portal 30 passed/350 assertions; Tablet 56 passed/426 assertions. Live physical-device/integrated API QA pending.	Last full run: 217 passed, 3 skipped, 6 failed; all six confirmed baseline/outdated expectations: 2 CustomerLocationMap, ExampleTest, 3 FirstLoginPersistence lastError expectations. See mirrored Work note.	CustomerPage trade_profile.profile_data.active scalar fields plus dedicated nested Owner renderer.	CORRECTED: Portal API validation retains supported active fields and validates supplied option/type/date/time values; sparse nested updates preserve omitted keys and explicit null clears a key. Portal push/pull and view tests cover all profile types.	NEEDS RUNTIME EVIDENCE	Live disposable Portal API test across OMMC, Last Mile, CAR_CLUBS, Fleet, OE, IB verified push acknowledgment, Portal pull values, Tablet pull persistence, and Tablet Customer View for this value family. Detailed row-level destination is documented in code/schema audit; physical iPad and non-test DB remain unverified.
oe	Classification	oe	active.classifications	text input	No	profile_classifications.oe	customer_trade_profiles.profile_data.active.classifications	Yes	profile_data.active.classifications	string	same as above	customer_trade_profiles.profile_data.active.classifications	active profile JSON value	ViewCustomer active.classifications	customer_trade_profiles.profile_data	COMPLETE	—	—	Current Tablet Add Customer form/page, CustomerProfileFormService, SyncService, Portal SyncController, CustomerProfileService, ViewCustomer, and TabletSyncPayload	Existing field path retained; no defect established.	NOT_EXERCISED	Not covered by the isolated outlet Add Customer E2E fixture.	OE (oe)	OPTIONAL: may be blank; validate only if supplied.	No explicit field/type/option rule except active.conversion_program and the two conditional conflicts.	profile_data is nullable|array; no nested active field validation except conditional aborts.	OPTIONAL; value-integrity validation gap when request is tampered or stale.	Visible for the listed profile/condition; enabled control; empty selection accepted unless noted.	PASS: minimal Add with this optional field blank across supported profile probe (unless activating condition)	PASS: minimal Portal create with optional field absent across supported profile probe (unless activating condition)	Human functional acceptance granted for Customer synchronization and view-alignment scope (2026-10-10). Fleet FLEET3741 Customer Information, Fleet Profile, Owner Profile, and Annual Category values observed in Portal. Row-level evidence and deferred blockers remain distinguished in this matrix and Work note.	OMMC-20261009 isolated feature validation: Portal 30 passed/350 assertions; Tablet 56 passed/426 assertions. Live physical-device/integrated API QA pending.	Last full run: 217 passed, 3 skipped, 6 failed; all six confirmed baseline/outdated expectations: 2 CustomerLocationMap, ExampleTest, 3 FirstLoginPersistence lastError expectations. See mirrored Work note.	CustomerPage trade_profile.profile_data.active scalar fields plus dedicated nested Owner renderer.	CORRECTED: Portal API validation retains supported active fields and validates supplied option/type/date/time values; sparse nested updates preserve omitted keys and explicit null clears a key. Portal push/pull and view tests cover all profile types.	NEEDS RUNTIME EVIDENCE	Live disposable Portal API test across OMMC, Last Mile, CAR_CLUBS, Fleet, OE, IB verified push acknowledgment, Portal pull values, Tablet pull persistence, and Tablet Customer View for this value family. Detailed row-level destination is documented in code/schema audit; physical iPad and non-test DB remain unverified.
ib	Classification	ib	active.classifications	text input	No	profile_classifications.ib	customer_trade_profiles.profile_data.active.classifications	Yes	profile_data.active.classifications	string	same as above	customer_trade_profiles.profile_data.active.classifications	active profile JSON value	ViewCustomer active.classifications	customer_trade_profiles.profile_data	COMPLETE	—	—	Current Tablet Add Customer form/page, CustomerProfileFormService, SyncService, Portal SyncController, CustomerProfileService, ViewCustomer, and TabletSyncPayload	Existing field path retained; no defect established.	NOT_EXERCISED	Not covered by the isolated outlet Add Customer E2E fixture.	IB (ib)	OPTIONAL: may be blank; validate only if supplied.	No explicit field/type/option rule except active.conversion_program and the two conditional conflicts.	profile_data is nullable|array; no nested active field validation except conditional aborts.	OPTIONAL; value-integrity validation gap when request is tampered or stale.	Visible for the listed profile/condition; enabled control; empty selection accepted unless noted.	PASS: minimal Add with this optional field blank across supported profile probe (unless activating condition)	PASS: minimal Portal create with optional field absent across supported profile probe (unless activating condition)	Human functional acceptance granted for Customer synchronization and view-alignment scope (2026-10-10). Fleet FLEET3741 Customer Information, Fleet Profile, Owner Profile, and Annual Category values observed in Portal. Row-level evidence and deferred blockers remain distinguished in this matrix and Work note.	OMMC-20261009 isolated feature validation: Portal 30 passed/350 assertions; Tablet 56 passed/426 assertions. Live physical-device/integrated API QA pending.	Last full run: 217 passed, 3 skipped, 6 failed; all six confirmed baseline/outdated expectations: 2 CustomerLocationMap, ExampleTest, 3 FirstLoginPersistence lastError expectations. See mirrored Work note.	CustomerPage trade_profile.profile_data.active scalar fields plus dedicated nested Owner renderer.	CORRECTED: Portal API validation retains supported active fields and validates supplied option/type/date/time values; sparse nested updates preserve omitted keys and explicit null clears a key. Portal push/pull and view tests cover all profile types.	NEEDS RUNTIME EVIDENCE	Live disposable Portal API test across OMMC, Last Mile, CAR_CLUBS, Fleet, OE, IB verified push acknowledgment, Portal pull values, Tablet pull persistence, and Tablet Customer View for this value family. Detailed row-level destination is documented in code/schema audit; physical iPad and non-test DB remain unverified.
outlet	Conversion Program	outlet	active.conversion_program	single select	No	configured conversion_programs key/value list	customer_trade_profiles.profile_data.active	Yes	profile_data.active.conversion_program	string key	nullable/in configured keys or empty	customer_trade_profiles.profile_data.active.conversion_program	active profile JSON value	ViewCustomer Conversion Program	customer_trade_profiles.profile_data	COMPLETE	—	—	Current Tablet Add Customer form/page, CustomerProfileFormService, SyncService, Portal SyncController, CustomerProfileService, ViewCustomer, and TabletSyncPayload	Existing field path retained; no defect established.	NOT_EXERCISED	Not covered by the isolated outlet Add Customer E2E fixture.	OMMC (outlet), Last Mile (outlet), CAR_CLUBS (outlet; extra mapped variant)	OPTIONAL: may be blank; validate only if supplied.	No explicit field/type/option rule except active.conversion_program and the two conditional conflicts.	profile_data is nullable|array; no nested active field validation except conditional aborts.	OPTIONAL; value-integrity validation gap when request is tampered or stale.	Visible for the listed profile/condition; enabled control; empty selection accepted unless noted.	PASS: minimal Add with this optional field blank across supported profile probe (unless activating condition)	PASS: minimal Portal create with optional field absent across supported profile probe (unless activating condition)	Human functional acceptance granted for Customer synchronization and view-alignment scope (2026-10-10). Fleet FLEET3741 Customer Information, Fleet Profile, Owner Profile, and Annual Category values observed in Portal. Row-level evidence and deferred blockers remain distinguished in this matrix and Work note.	OMMC-20261009 isolated feature validation: Portal 30 passed/350 assertions; Tablet 56 passed/426 assertions. Live physical-device/integrated API QA pending.	Last full run: 217 passed, 3 skipped, 6 failed; all six confirmed baseline/outdated expectations: 2 CustomerLocationMap, ExampleTest, 3 FirstLoginPersistence lastError expectations. See mirrored Work note.	CustomerPage trade_profile.profile_data.active scalar fields plus dedicated nested Owner renderer.	CORRECTED: Portal API validation retains supported active fields and validates supplied option/type/date/time values; sparse nested updates preserve omitted keys and explicit null clears a key. Portal push/pull and view tests cover all profile types.	NEEDS RUNTIME EVIDENCE	Static path was inspected and disposable live Portal API flow exercised representative values across all six Company variants, Portal pull, Tablet hydration, and Tablet Customer View. This row lacks same-value assertion across every listed boundary/variant; do not infer alignment from matching names.
outlet	Working Days	outlet	trade.working_days[]	multiple select	No	configured weekdays	customer_trade_profiles.working_days JSON	Yes	trade_profile.working_days[]	string array	nullable array	customer_trade_profiles.working_days	typed profile array	ViewCustomer tradeProfile.working_days	customer_trade_profiles.working_days	COMPLETE	—	—	Current Tablet Add Customer form/page, CustomerProfileFormService, SyncService, Portal SyncController, CustomerProfileService, ViewCustomer, and TabletSyncPayload	Existing field path retained; no defect established.	NOT_EXERCISED	Not covered by the isolated outlet Add Customer E2E fixture.	OMMC (outlet), Last Mile (outlet), CAR_CLUBS (outlet; extra mapped variant)	OPTIONAL: may be blank; validate only if supplied.	No explicit saveCustomer field/type/option rule for this trade property; HTML options constrain ordinary UI selections only.	Generally nullable array/string rule when present; option membership is not consistently enforced.	OPTIONAL; value-integrity validation gap when request is tampered or stale.	Visible for the listed profile/condition; enabled control; empty selection accepted unless noted.	PASS: minimal Add with this optional field blank across supported profile probe (unless activating condition)	PASS: minimal Portal create with optional field absent across supported profile probe (unless activating condition)	Human functional acceptance granted for Customer synchronization and view-alignment scope (2026-10-10). Fleet FLEET3741 Customer Information, Fleet Profile, Owner Profile, and Annual Category values observed in Portal. Row-level evidence and deferred blockers remain distinguished in this matrix and Work note.	OMMC-20261009 isolated feature validation: Portal 30 passed/350 assertions; Tablet 56 passed/426 assertions. Live physical-device/integrated API QA pending.	Last full run: 217 passed, 3 skipped, 6 failed; all six confirmed baseline/outdated expectations: 2 CustomerLocationMap, ExampleTest, 3 FirstLoginPersistence lastError expectations. See mirrored Work note.	customerDetail.tradeProfile typed columns and/or profile_data.active scalar loop; nested values may not render	No field-specific loss established from current code alone; compare local, request, Portal row, pull payload, and rendered state for the target Customer.	NEEDS RUNTIME EVIDENCE	Static path was inspected and disposable live Portal API flow exercised representative values across all six Company variants, Portal pull, Tablet hydration, and Tablet Customer View. This row lacks same-value assertion across every listed boundary/variant; do not infer alignment from matching names.
outlet	Opening Time	outlet	active.operating_hours.start	time input	No	time input	customer_trade_profiles.profile_data.active.operating_hours.start	Yes	profile_data.active.operating_hours.start	time string	profile_data nullable array	customer_trade_profiles.profile_data	active profile JSON value	ViewCustomer Opening Time	customer_trade_profiles.profile_data	COMPLETE	—	—	Current Tablet Add Customer form/page, CustomerProfileFormService, SyncService, Portal SyncController, CustomerProfileService, ViewCustomer, and TabletSyncPayload	Existing field path retained; no defect established.	NOT_EXERCISED	Not covered by the isolated outlet Add Customer E2E fixture.	OMMC (outlet), Last Mile (outlet), CAR_CLUBS (outlet; extra mapped variant)	OPTIONAL: may be blank; validate only if supplied.	No explicit field/type/option rule except active.conversion_program and the two conditional conflicts.	profile_data is nullable|array; no nested active field validation except conditional aborts.	OPTIONAL; value-integrity validation gap when request is tampered or stale.	Visible for the listed profile/condition; enabled control; empty selection accepted unless noted.	PASS: minimal Add with this optional field blank across supported profile probe (unless activating condition)	PASS: minimal Portal create with optional field absent across supported profile probe (unless activating condition)	Human functional acceptance granted for Customer synchronization and view-alignment scope (2026-10-10). Fleet FLEET3741 Customer Information, Fleet Profile, Owner Profile, and Annual Category values observed in Portal. Row-level evidence and deferred blockers remain distinguished in this matrix and Work note.	OMMC-20261009 isolated feature validation: Portal 30 passed/350 assertions; Tablet 56 passed/426 assertions. Live physical-device/integrated API QA pending.	Last full run: 217 passed, 3 skipped, 6 failed; all six confirmed baseline/outdated expectations: 2 CustomerLocationMap, ExampleTest, 3 FirstLoginPersistence lastError expectations. See mirrored Work note.	CustomerPage trade_profile.profile_data.active scalar fields plus dedicated nested Owner renderer.	CORRECTED: Portal API validation retains supported active fields and validates supplied option/type/date/time values; sparse nested updates preserve omitted keys and explicit null clears a key. Portal push/pull and view tests cover all profile types.	NEEDS RUNTIME EVIDENCE	Static path was inspected and disposable live Portal API flow exercised representative values across all six Company variants, Portal pull, Tablet hydration, and Tablet Customer View. This row lacks same-value assertion across every listed boundary/variant; do not infer alignment from matching names.
outlet	Closing Time	outlet	active.operating_hours.end	time input	No	time input	customer_trade_profiles.profile_data.active.operating_hours.end	Yes	profile_data.active.operating_hours.end	time string	profile_data nullable array	customer_trade_profiles.profile_data	active profile JSON value	ViewCustomer Closing Time	customer_trade_profiles.profile_data	COMPLETE	—	—	Current Tablet Add Customer form/page, CustomerProfileFormService, SyncService, Portal SyncController, CustomerProfileService, ViewCustomer, and TabletSyncPayload	Existing field path retained; no defect established.	NOT_EXERCISED	Not covered by the isolated outlet Add Customer E2E fixture.	OMMC (outlet), Last Mile (outlet), CAR_CLUBS (outlet; extra mapped variant)	OPTIONAL: may be blank; validate only if supplied.	No explicit field/type/option rule except active.conversion_program and the two conditional conflicts.	profile_data is nullable|array; no nested active field validation except conditional aborts.	OPTIONAL; value-integrity validation gap when request is tampered or stale.	Visible for the listed profile/condition; enabled control; empty selection accepted unless noted.	PASS: minimal Add with this optional field blank across supported profile probe (unless activating condition)	PASS: minimal Portal create with optional field absent across supported profile probe (unless activating condition)	Human functional acceptance granted for Customer synchronization and view-alignment scope (2026-10-10). Fleet FLEET3741 Customer Information, Fleet Profile, Owner Profile, and Annual Category values observed in Portal. Row-level evidence and deferred blockers remain distinguished in this matrix and Work note.	OMMC-20261009 isolated feature validation: Portal 30 passed/350 assertions; Tablet 56 passed/426 assertions. Live physical-device/integrated API QA pending.	Last full run: 217 passed, 3 skipped, 6 failed; all six confirmed baseline/outdated expectations: 2 CustomerLocationMap, ExampleTest, 3 FirstLoginPersistence lastError expectations. See mirrored Work note.	CustomerPage trade_profile.profile_data.active scalar fields plus dedicated nested Owner renderer.	CORRECTED: Portal API validation retains supported active fields and validates supplied option/type/date/time values; sparse nested updates preserve omitted keys and explicit null clears a key. Portal push/pull and view tests cover all profile types.	NEEDS RUNTIME EVIDENCE	Static path was inspected and disposable live Portal API flow exercised representative values across all six Company variants, Portal pull, Tablet hydration, and Tablet Customer View. This row lacks same-value assertion across every listed boundary/variant; do not infer alignment from matching names.
outlet	MOTIV User	outlet	trade.motiv_user	checkbox	No	checkbox	customer_trade_profiles.motiv_user	Yes	trade_profile.motiv_user	boolean	nullable boolean; if true requires warehouse_code	customer_trade_profiles.motiv_user	typed profile boolean	ViewCustomer MOTIV User	customer_trade_profiles.motiv_user	COMPLETE	—	—	Current Tablet Add Customer form/page, CustomerProfileFormService, SyncService, Portal SyncController, CustomerProfileService, ViewCustomer, and TabletSyncPayload	Existing field path retained; no defect established.	NOT_EXERCISED	Not covered by the isolated outlet Add Customer E2E fixture.	OMMC (outlet), Last Mile (outlet), CAR_CLUBS (outlet; extra mapped variant)	OPTIONAL: may be blank; validate only if supplied.	No explicit saveCustomer field/type/option rule for this trade property; HTML options constrain ordinary UI selections only.	Generally nullable array/string rule when present; option membership is not consistently enforced.	OPTIONAL; value-integrity validation gap when request is tampered or stale.	Visible for the listed profile/condition; enabled control; empty selection accepted unless noted.	PASS: minimal Add with this optional field blank across supported profile probe (unless activating condition)	PASS: minimal Portal create with optional field absent across supported profile probe (unless activating condition)	Human functional acceptance granted for Customer synchronization and view-alignment scope (2026-10-10). Fleet FLEET3741 Customer Information, Fleet Profile, Owner Profile, and Annual Category values observed in Portal. Row-level evidence and deferred blockers remain distinguished in this matrix and Work note.	OMMC-20261009 isolated feature validation: Portal 30 passed/350 assertions; Tablet 56 passed/426 assertions. Live physical-device/integrated API QA pending.	Last full run: 217 passed, 3 skipped, 6 failed; all six confirmed baseline/outdated expectations: 2 CustomerLocationMap, ExampleTest, 3 FirstLoginPersistence lastError expectations. See mirrored Work note.	customerDetail.tradeProfile typed columns and/or profile_data.active scalar loop; nested values may not render	No field-specific loss established from current code alone; compare local, request, Portal row, pull payload, and rendered state for the target Customer.	NEEDS RUNTIME EVIDENCE	Static path was inspected and disposable live Portal API flow exercised representative values across all six Company variants, Portal pull, Tablet hydration, and Tablet Customer View. This row lacks same-value assertion across every listed boundary/variant; do not infer alignment from matching names.
outlet	Warehouse Code	outlet; shown when MOTIV User	active.warehouse_code	text input	OPTIONAL	free text	customer_trade_profiles.profile_data.active.warehouse_code	Yes	profile_data.active.warehouse_code	string	profile_data.active.warehouse_code nullable|string|max:255; omission accepted regardless of MOTIV User.	customer_trade_profiles.profile_data.active.warehouse_code	active profile JSON value	ViewCustomer Warehouse Code	customer_trade_profiles.profile_data	IMPLEMENTED_TESTED	Removed conditional requiredness from Tablet and Portal API. Populated values retain string/length validation.	No further code change in this scope; retain optional value validation.	Tablet and Portal isolated tests cover blank value while MOTIV User=true, valid value persistence, and malformed/oversized rejection.	CustomerCreatePage validation is nullable|string|max:255. SyncController validates profile_data.active.warehouse_code nullable|string|max:255 and no longer aborts when MOTIV is true.	LOCAL_TESTS_PASS	Focused Tablet Livewire and Portal API feature tests; no physical iPad or shared live environment test.	OMMC, Last Mile, CAR_CLUBS (outlet profile).	OPTIONAL, including when MOTIV User is enabled.	nullable|string|max:255; no requiredIf; only meaningful in outlet form.	nullable|string|max:255; omitted/null accepted; preserved if supplied.	OPTIONAL_VALUE_INTEGRITY; no required rule.	Outlet control remains conditionally visible for MOTIV User; can be blank. Populated value must be string <=255.	PASS: MOTIV User=true with blank warehouse code saves locally.	PASS: MOTIV User=true with omitted warehouse code persists; valid value preserved; bad type/length rejected.	Human functional acceptance granted for Customer synchronization and view-alignment scope (2026-10-10). Fleet FLEET3741 Customer Information, Fleet Profile, Owner Profile, and Annual Category values observed in Portal. Row-level evidence and deferred blockers remain distinguished in this matrix and Work note.	OMMC-20261009 isolated feature validation: Portal 30 passed/350 assertions; Tablet 56 passed/426 assertions. Live physical-device/integrated API QA pending.	Last full run: 217 passed, 3 skipped, 6 failed; all six confirmed baseline/outdated expectations: 2 CustomerLocationMap, ExampleTest, 3 FirstLoginPersistence lastError expectations. See mirrored Work note.	CustomerPage trade_profile.profile_data.active scalar fields plus dedicated nested Owner renderer.	CORRECTED: Portal API validation retains supported active fields and validates supplied option/type/date/time values; sparse nested updates preserve omitted keys and explicit null clears a key. Portal push/pull and view tests cover all profile types.	NEEDS RUNTIME EVIDENCE	Static path was inspected and disposable live Portal API flow exercised representative values across all six Company variants, Portal pull, Tablet hydration, and Tablet Customer View. This row lacks same-value assertion across every listed boundary/variant; do not infer alignment from matching names.
outlet	Delivery Type	outlet	active.delivery_type	single select	No	Yes/No	customer_trade_profiles.profile_data.active.delivery_type	Yes	profile_data.active.delivery_type	yes/no string	nullable; detail required when yes	customer_trade_profiles.profile_data.active.delivery_type	active profile JSON value	ViewCustomer Delivery Type	customer_trade_profiles.profile_data	COMPLETE	—	—	Current Tablet Add Customer form/page, CustomerProfileFormService, SyncService, Portal SyncController, CustomerProfileService, ViewCustomer, and TabletSyncPayload	Existing field path retained; no defect established.	NOT_EXERCISED	Not covered by the isolated outlet Add Customer E2E fixture.	OMMC (outlet), Last Mile (outlet), CAR_CLUBS (outlet; extra mapped variant)	OPTIONAL: may be blank; validate only if supplied.	No explicit field/type/option rule except active.conversion_program and the two conditional conflicts.	profile_data is nullable|array; no nested active field validation except conditional aborts.	OPTIONAL; value-integrity validation gap when request is tampered or stale.	Visible for the listed profile/condition; enabled control; empty selection accepted unless noted.	PASS: minimal Add with this optional field blank across supported profile probe (unless activating condition)	PASS: minimal Portal create with optional field absent across supported profile probe (unless activating condition)	Human functional acceptance granted for Customer synchronization and view-alignment scope (2026-10-10). Fleet FLEET3741 Customer Information, Fleet Profile, Owner Profile, and Annual Category values observed in Portal. Row-level evidence and deferred blockers remain distinguished in this matrix and Work note.	OMMC-20261009 isolated feature validation: Portal 30 passed/350 assertions; Tablet 56 passed/426 assertions. Live physical-device/integrated API QA pending.	Last full run: 217 passed, 3 skipped, 6 failed; all six confirmed baseline/outdated expectations: 2 CustomerLocationMap, ExampleTest, 3 FirstLoginPersistence lastError expectations. See mirrored Work note.	CustomerPage trade_profile.profile_data.active scalar fields plus dedicated nested Owner renderer.	CORRECTED: Portal API validation retains supported active fields and validates supplied option/type/date/time values; sparse nested updates preserve omitted keys and explicit null clears a key. Portal push/pull and view tests cover all profile types.	NEEDS RUNTIME EVIDENCE	Static path was inspected and disposable live Portal API flow exercised representative values across all six Company variants, Portal pull, Tablet hydration, and Tablet Customer View. This row lacks same-value assertion across every listed boundary/variant; do not infer alignment from matching names.
outlet	Delivery Detail	outlet; shown when Delivery Type=yes	active.delivery_detail	single select	OPTIONAL	Own Delivery / MEH	customer_trade_profiles.profile_data.active.delivery_detail	Yes	profile_data.active.delivery_detail	own_delivery/meh	profile_data.active.delivery_detail nullable|in:own_delivery,meh; omission accepted when Delivery Type=yes.	customer_trade_profiles.profile_data.active.delivery_detail	active profile JSON value	ViewCustomer Delivery Detail	customer_trade_profiles.profile_data	IMPLEMENTED_TESTED	Removed conditional requiredness from Tablet and Portal API; Portal now validates supplied nested value against the same allowed options.	No further code change in this scope; retain option validation when populated.	Tablet and Portal isolated tests cover blank value with Delivery Type=yes, allowed value persistence, and invalid option rejection.	CustomerCreatePage validation is nullable|in:own_delivery,meh. SyncController validates profile_data.active.delivery_detail nullable|in:own_delivery,meh and no longer aborts when Delivery Type=yes.	LOCAL_TESTS_PASS	Focused Tablet Livewire and Portal API feature tests; no physical iPad or shared live environment test.	OMMC, Last Mile, CAR_CLUBS (outlet profile).	OPTIONAL, including when Delivery Type is Yes.	nullable|in:own_delivery,meh; no requiredIf; shown when Delivery Type=yes.	nullable|in:own_delivery,meh; omitted/null accepted; supplied values constrained to same options.	OPTIONAL_VALUE_INTEGRITY; no required rule.	Outlet select remains visible for Delivery Type=yes and bound to active.delivery_detail; it may remain blank.	PASS: Delivery Type=yes with blank detail saves locally.	PASS: Delivery Type=yes with omitted detail persists; allowed value preserved; invalid option rejected.	Human functional acceptance granted for Customer synchronization and view-alignment scope (2026-10-10). Fleet FLEET3741 Customer Information, Fleet Profile, Owner Profile, and Annual Category values observed in Portal. Row-level evidence and deferred blockers remain distinguished in this matrix and Work note.	OMMC-20261009 isolated feature validation: Portal 30 passed/350 assertions; Tablet 56 passed/426 assertions. Live physical-device/integrated API QA pending.	Last full run: 217 passed, 3 skipped, 6 failed; all six confirmed baseline/outdated expectations: 2 CustomerLocationMap, ExampleTest, 3 FirstLoginPersistence lastError expectations. See mirrored Work note.	CustomerPage trade_profile.profile_data.active scalar fields plus dedicated nested Owner renderer.	CORRECTED: Portal API validation retains supported active fields and validates supplied option/type/date/time values; sparse nested updates preserve omitted keys and explicit null clears a key. Portal push/pull and view tests cover all profile types.	NEEDS RUNTIME EVIDENCE	Static path was inspected and disposable live Portal API flow exercised representative values across all six Company variants, Portal pull, Tablet hydration, and Tablet Customer View. This row lacks same-value assertion across every listed boundary/variant; do not infer alignment from matching names.
outlet	ULAB	outlet	active.ulab	single select	No	GRC / Consolidator / None	customer_trade_profiles.profile_data.active.ulab	Yes	profile_data.active.ulab	string	profile_data nullable array	customer_trade_profiles.profile_data.active.ulab	active profile JSON value	ViewCustomer ULAB	customer_trade_profiles.profile_data	COMPLETE	—	—	Current Tablet Add Customer form/page, CustomerProfileFormService, SyncService, Portal SyncController, CustomerProfileService, ViewCustomer, and TabletSyncPayload	Existing field path retained; no defect established.	NOT_EXERCISED	Not covered by the isolated outlet Add Customer E2E fixture.	OMMC (outlet), Last Mile (outlet), CAR_CLUBS (outlet; extra mapped variant)	OPTIONAL: may be blank; validate only if supplied.	No explicit field/type/option rule except active.conversion_program and the two conditional conflicts.	profile_data is nullable|array; no nested active field validation except conditional aborts.	OPTIONAL; value-integrity validation gap when request is tampered or stale.	Visible for the listed profile/condition; enabled control; empty selection accepted unless noted.	PASS: minimal Add with this optional field blank across supported profile probe (unless activating condition)	PASS: minimal Portal create with optional field absent across supported profile probe (unless activating condition)	Human functional acceptance granted for Customer synchronization and view-alignment scope (2026-10-10). Fleet FLEET3741 Customer Information, Fleet Profile, Owner Profile, and Annual Category values observed in Portal. Row-level evidence and deferred blockers remain distinguished in this matrix and Work note.	OMMC-20261009 isolated feature validation: Portal 30 passed/350 assertions; Tablet 56 passed/426 assertions. Live physical-device/integrated API QA pending.	Last full run: 217 passed, 3 skipped, 6 failed; all six confirmed baseline/outdated expectations: 2 CustomerLocationMap, ExampleTest, 3 FirstLoginPersistence lastError expectations. See mirrored Work note.	CustomerPage trade_profile.profile_data.active scalar fields plus dedicated nested Owner renderer.	CORRECTED: Portal API validation retains supported active fields and validates supplied option/type/date/time values; sparse nested updates preserve omitted keys and explicit null clears a key. Portal push/pull and view tests cover all profile types.	NEEDS RUNTIME EVIDENCE	Static path was inspected and disposable live Portal API flow exercised representative values across all six Company variants, Portal pull, Tablet hydration, and Tablet Customer View. This row lacks same-value assertion across every listed boundary/variant; do not infer alignment from matching names.
fleet	Type	fleet	active.account_type	single select	No	Newly Mapped / Existing	customer_trade_profiles.profile_data.active.account_type	Yes	profile_data.active.account_type	string key	profile_data nullable array	customer_trade_profiles.profile_data.active.account_type	active profile JSON value	ViewCustomer Type	customer_trade_profiles.profile_data	COMPLETE	—	—	Current Tablet Add Customer form/page, CustomerProfileFormService, SyncService, Portal SyncController, CustomerProfileService, ViewCustomer, and TabletSyncPayload	Existing field path retained; no defect established.	NOT_EXERCISED	Not covered by the isolated outlet Add Customer E2E fixture.	Fleet (fleet)	OPTIONAL: may be blank; validate only if supplied.	No explicit field/type/option rule except active.conversion_program and the two conditional conflicts.	profile_data is nullable|array; no nested active field validation except conditional aborts.	OPTIONAL; value-integrity validation gap when request is tampered or stale.	Visible for the listed profile/condition; enabled control; empty selection accepted unless noted.	PASS: minimal Add with this optional field blank across supported profile probe (unless activating condition)	PASS: minimal Portal create with optional field absent across supported profile probe (unless activating condition)	Human functional acceptance granted for Customer synchronization and view-alignment scope (2026-10-10). Fleet FLEET3741 Customer Information, Fleet Profile, Owner Profile, and Annual Category values observed in Portal. Row-level evidence and deferred blockers remain distinguished in this matrix and Work note.	OMMC-20261009 isolated feature validation: Portal 30 passed/350 assertions; Tablet 56 passed/426 assertions. Live physical-device/integrated API QA pending.	Last full run: 217 passed, 3 skipped, 6 failed; all six confirmed baseline/outdated expectations: 2 CustomerLocationMap, ExampleTest, 3 FirstLoginPersistence lastError expectations. See mirrored Work note.	CustomerPage trade_profile.profile_data.active scalar fields plus dedicated nested Owner renderer.	CORRECTED: Portal API validation retains supported active fields and validates supplied option/type/date/time values; sparse nested updates preserve omitted keys and explicit null clears a key. Portal push/pull and view tests cover all profile types.	NEEDS RUNTIME EVIDENCE	Static path was inspected and disposable live Portal API flow exercised representative values across all six Company variants, Portal pull, Tablet hydration, and Tablet Customer View. This row lacks same-value assertion across every listed boundary/variant; do not infer alignment from matching names.
fleet	Battery Class	fleet	active.battery_class	single select	No	Maintenance Free / Low Maintenance	customer_trade_profiles.profile_data.active.battery_class	Yes	profile_data.active.battery_class	string key	profile_data nullable array	customer_trade_profiles.profile_data.active.battery_class	active profile JSON value	ViewCustomer Battery Class	customer_trade_profiles.profile_data	COMPLETE	—	—	Current Tablet Add Customer form/page, CustomerProfileFormService, SyncService, Portal SyncController, CustomerProfileService, ViewCustomer, and TabletSyncPayload	Existing field path retained; no defect established.	NOT_EXERCISED	Not covered by the isolated outlet Add Customer E2E fixture.	Fleet (fleet)	OPTIONAL: may be blank; validate only if supplied.	No explicit field/type/option rule except active.conversion_program and the two conditional conflicts.	profile_data is nullable|array; no nested active field validation except conditional aborts.	OPTIONAL; value-integrity validation gap when request is tampered or stale.	Visible for the listed profile/condition; enabled control; empty selection accepted unless noted.	PASS: minimal Add with this optional field blank across supported profile probe (unless activating condition)	PASS: minimal Portal create with optional field absent across supported profile probe (unless activating condition)	Human functional acceptance granted for Customer synchronization and view-alignment scope (2026-10-10). Fleet FLEET3741 Customer Information, Fleet Profile, Owner Profile, and Annual Category values observed in Portal. Row-level evidence and deferred blockers remain distinguished in this matrix and Work note.	OMMC-20261009 isolated feature validation: Portal 30 passed/350 assertions; Tablet 56 passed/426 assertions. Live physical-device/integrated API QA pending.	Last full run: 217 passed, 3 skipped, 6 failed; all six confirmed baseline/outdated expectations: 2 CustomerLocationMap, ExampleTest, 3 FirstLoginPersistence lastError expectations. See mirrored Work note.	CustomerPage trade_profile.profile_data.active scalar fields plus dedicated nested Owner renderer.	CORRECTED: Portal API validation retains supported active fields and validates supplied option/type/date/time values; sparse nested updates preserve omitted keys and explicit null clears a key. Portal push/pull and view tests cover all profile types.	NEEDS RUNTIME EVIDENCE	Static path was inspected and disposable live Portal API flow exercised representative values across all six Company variants, Portal pull, Tablet hydration, and Tablet Customer View. This row lacks same-value assertion across every listed boundary/variant; do not infer alignment from matching names.
fleet	Status	fleet	active.status	single select	No	Active / Dormant / Irregular	customer_trade_profiles.profile_data.active.status	Yes	profile_data.active.status	string key	profile_data nullable array	customer_trade_profiles.profile_data.active.status	active profile JSON value	ViewCustomer Status	customer_trade_profiles.profile_data	COMPLETE	—	—	Current Tablet Add Customer form/page, CustomerProfileFormService, SyncService, Portal SyncController, CustomerProfileService, ViewCustomer, and TabletSyncPayload	Existing field path retained; no defect established.	NOT_EXERCISED	Not covered by the isolated outlet Add Customer E2E fixture.	Fleet (fleet)	OPTIONAL: may be blank; validate only if supplied.	No explicit field/type/option rule except active.conversion_program and the two conditional conflicts.	profile_data is nullable|array; no nested active field validation except conditional aborts.	OPTIONAL; value-integrity validation gap when request is tampered or stale.	Visible for the listed profile/condition; enabled control; empty selection accepted unless noted.	PASS: minimal Add with this optional field blank across supported profile probe (unless activating condition)	PASS: minimal Portal create with optional field absent across supported profile probe (unless activating condition)	Human functional acceptance granted for Customer synchronization and view-alignment scope (2026-10-10). Fleet FLEET3741 Customer Information, Fleet Profile, Owner Profile, and Annual Category values observed in Portal. Row-level evidence and deferred blockers remain distinguished in this matrix and Work note.	OMMC-20261009 isolated feature validation: Portal 30 passed/350 assertions; Tablet 56 passed/426 assertions. Live physical-device/integrated API QA pending.	Last full run: 217 passed, 3 skipped, 6 failed; all six confirmed baseline/outdated expectations: 2 CustomerLocationMap, ExampleTest, 3 FirstLoginPersistence lastError expectations. See mirrored Work note.	CustomerPage trade_profile.profile_data.active scalar fields plus dedicated nested Owner renderer.	CORRECTED: Portal API validation retains supported active fields and validates supplied option/type/date/time values; sparse nested updates preserve omitted keys and explicit null clears a key. Portal push/pull and view tests cover all profile types.	NEEDS RUNTIME EVIDENCE	Static path was inspected and disposable live Portal API flow exercised representative values across all six Company variants, Portal pull, Tablet hydration, and Tablet Customer View. This row lacks same-value assertion across every listed boundary/variant; do not infer alignment from matching names.
oe	Battery Class	oe	active.battery_class	single select	No	Maintenance Free / Low Maintenance	customer_trade_profiles.profile_data.active.battery_class	Yes	profile_data.active.battery_class	string key	profile_data nullable array	customer_trade_profiles.profile_data.active.battery_class	active profile JSON value	ViewCustomer Battery Class	customer_trade_profiles.profile_data	COMPLETE	—	—	Current Tablet Add Customer form/page, CustomerProfileFormService, SyncService, Portal SyncController, CustomerProfileService, ViewCustomer, and TabletSyncPayload	Existing field path retained; no defect established.	NOT_EXERCISED	Not covered by the isolated outlet Add Customer E2E fixture.	OE (oe)	OPTIONAL: may be blank; validate only if supplied.	No explicit field/type/option rule except active.conversion_program and the two conditional conflicts.	profile_data is nullable|array; no nested active field validation except conditional aborts.	OPTIONAL; value-integrity validation gap when request is tampered or stale.	Visible for the listed profile/condition; enabled control; empty selection accepted unless noted.	PASS: minimal Add with this optional field blank across supported profile probe (unless activating condition)	PASS: minimal Portal create with optional field absent across supported profile probe (unless activating condition)	Human functional acceptance granted for Customer synchronization and view-alignment scope (2026-10-10). Fleet FLEET3741 Customer Information, Fleet Profile, Owner Profile, and Annual Category values observed in Portal. Row-level evidence and deferred blockers remain distinguished in this matrix and Work note.	OMMC-20261009 isolated feature validation: Portal 30 passed/350 assertions; Tablet 56 passed/426 assertions. Live physical-device/integrated API QA pending.	Last full run: 217 passed, 3 skipped, 6 failed; all six confirmed baseline/outdated expectations: 2 CustomerLocationMap, ExampleTest, 3 FirstLoginPersistence lastError expectations. See mirrored Work note.	CustomerPage trade_profile.profile_data.active scalar fields plus dedicated nested Owner renderer.	CORRECTED: Portal API validation retains supported active fields and validates supplied option/type/date/time values; sparse nested updates preserve omitted keys and explicit null clears a key. Portal push/pull and view tests cover all profile types.	NEEDS RUNTIME EVIDENCE	Static path was inspected and disposable live Portal API flow exercised representative values across all six Company variants, Portal pull, Tablet hydration, and Tablet Customer View. This row lacks same-value assertion across every listed boundary/variant; do not infer alignment from matching names.
oe	Sulfuric Acid	oe; shown when Entry Detail=Acid	active.sulfuric_acid	checkbox	No	checkbox	customer_trade_profiles.profile_data.active.sulfuric_acid	Yes	profile_data.active.sulfuric_acid	boolean	profile_data nullable array	customer_trade_profiles.profile_data.active.sulfuric_acid	active profile JSON value	ViewCustomer Sulfuric Acid	customer_trade_profiles.profile_data	COMPLETE	—	—	Current Tablet Add Customer form/page, CustomerProfileFormService, SyncService, Portal SyncController, CustomerProfileService, ViewCustomer, and TabletSyncPayload	Existing field path retained; no defect established.	NOT_EXERCISED	Not covered by the isolated outlet Add Customer E2E fixture.	oe; shown when Entry Detail=Acid	OPTIONAL: may be blank; validate only if supplied.	No explicit field/type/option rule except active.conversion_program and the two conditional conflicts.	profile_data is nullable|array; no nested active field validation except conditional aborts.	OPTIONAL; value-integrity validation gap when request is tampered or stale.	Visible for the listed profile/condition; enabled control; empty selection accepted unless noted.	PASS: minimal Add with this optional field blank across supported profile probe (unless activating condition)	PASS: minimal Portal create with optional field absent across supported profile probe (unless activating condition)	Human functional acceptance granted for Customer synchronization and view-alignment scope (2026-10-10). Fleet FLEET3741 Customer Information, Fleet Profile, Owner Profile, and Annual Category values observed in Portal. Row-level evidence and deferred blockers remain distinguished in this matrix and Work note.	OMMC-20261009 isolated feature validation: Portal 30 passed/350 assertions; Tablet 56 passed/426 assertions. Live physical-device/integrated API QA pending.	Last full run: 217 passed, 3 skipped, 6 failed; all six confirmed baseline/outdated expectations: 2 CustomerLocationMap, ExampleTest, 3 FirstLoginPersistence lastError expectations. See mirrored Work note.	CustomerPage trade_profile.profile_data.active scalar fields plus dedicated nested Owner renderer.	CORRECTED: Portal API validation retains supported active fields and validates supplied option/type/date/time values; sparse nested updates preserve omitted keys and explicit null clears a key. Portal push/pull and view tests cover all profile types.	NEEDS RUNTIME EVIDENCE	Static path was inspected and disposable live Portal API flow exercised representative values across all six Company variants, Portal pull, Tablet hydration, and Tablet Customer View. This row lacks same-value assertion across every listed boundary/variant; do not infer alignment from matching names.
owner	Name of Owner	all company profiles	active.owner.name	text input	No	text	customer_trade_profiles.profile_data.active.owner	Yes	profile_data.active.owner.name	scalar string/date	profile_data nullable array	customer_trade_profiles.profile_data.active.owner	active owner profile JSON	ViewCustomer Owner Profile Name of Owner	customer_trade_profiles.profile_data	COMPLETE	—	—	Tablet CustomerProfileFormService stores active JSON; Portal ViewCustomer reads same path	Existing field path retained; no defect established.	NOT_EXERCISED	Not covered by the isolated outlet Add Customer E2E fixture.	OMMC (outlet), Last Mile (outlet), Fleet (fleet), OE (oe), IB (ib), CAR_CLUBS (outlet; extra mapped variant)	OPTIONAL: may be blank; validate only if supplied.	No explicit field/type/option rule except active.conversion_program and the two conditional conflicts.	profile_data is nullable|array; no nested active field validation except conditional aborts.	OPTIONAL; value-integrity validation gap when request is tampered or stale.	Visible for the listed profile/condition; enabled control; empty selection accepted unless noted.	PASS: minimal Add with this optional field blank across supported profile probe (unless activating condition)	PASS: minimal Portal create with optional field absent across supported profile probe (unless activating condition)	Human functional acceptance granted for Customer synchronization and view-alignment scope (2026-10-10). Fleet FLEET3741 Customer Information, Fleet Profile, Owner Profile, and Annual Category values observed in Portal. Row-level evidence and deferred blockers remain distinguished in this matrix and Work note.	OMMC-20261009 isolated feature validation: Portal 30 passed/350 assertions; Tablet 56 passed/426 assertions. Live physical-device/integrated API QA pending.	Last full run: 217 passed, 3 skipped, 6 failed; all six confirmed baseline/outdated expectations: 2 CustomerLocationMap, ExampleTest, 3 FirstLoginPersistence lastError expectations. See mirrored Work note.	CustomerPage.customerDetail.trade_profile.profile_data.active.owner; dedicated Owner Profile section renders all eight scalar Owner fields.	CORRECTED: Portal sparse update retains omitted Owner keys and validates populated fields; Portal Profile and Tablet Customer View render nested Owner values. Automated API push/pull and view rendering cover all eight fields.	NEEDS RUNTIME EVIDENCE	Live disposable Portal API test across OMMC, Last Mile, CAR_CLUBS, Fleet, OE, IB verified push acknowledgment, Portal pull values, Tablet pull persistence, and Tablet Customer View for this value family. Detailed row-level destination is documented in code/schema audit; physical iPad and non-test DB remain unverified.
owner	Birthday	all company profiles	active.owner.birthday	date input	No	date	customer_trade_profiles.profile_data.active.owner	Yes	profile_data.active.owner.birthday	scalar string/date	profile_data nullable array	customer_trade_profiles.profile_data.active.owner	active owner profile JSON	ViewCustomer Owner Profile Birthday	customer_trade_profiles.profile_data	COMPLETE	—	—	Tablet CustomerProfileFormService stores active JSON; Portal ViewCustomer reads same path	Existing field path retained; no defect established.	NOT_EXERCISED	Not covered by the isolated outlet Add Customer E2E fixture.	OMMC (outlet), Last Mile (outlet), Fleet (fleet), OE (oe), IB (ib), CAR_CLUBS (outlet; extra mapped variant)	OPTIONAL: may be blank; validate only if supplied.	No explicit field/type/option rule except active.conversion_program and the two conditional conflicts.	profile_data is nullable|array; no nested active field validation except conditional aborts.	OPTIONAL; value-integrity validation gap when request is tampered or stale.	Visible for the listed profile/condition; enabled control; empty selection accepted unless noted.	PASS: minimal Add with this optional field blank across supported profile probe (unless activating condition)	PASS: minimal Portal create with optional field absent across supported profile probe (unless activating condition)	Human functional acceptance granted for Customer synchronization and view-alignment scope (2026-10-10). Fleet FLEET3741 Customer Information, Fleet Profile, Owner Profile, and Annual Category values observed in Portal. Row-level evidence and deferred blockers remain distinguished in this matrix and Work note.	OMMC-20261009 isolated feature validation: Portal 30 passed/350 assertions; Tablet 56 passed/426 assertions. Live physical-device/integrated API QA pending.	Last full run: 217 passed, 3 skipped, 6 failed; all six confirmed baseline/outdated expectations: 2 CustomerLocationMap, ExampleTest, 3 FirstLoginPersistence lastError expectations. See mirrored Work note.	CustomerPage trade_profile.profile_data.active scalar fields plus dedicated nested Owner renderer.	CORRECTED: Portal API validation retains supported active fields and validates supplied option/type/date/time values; sparse nested updates preserve omitted keys and explicit null clears a key. Portal push/pull and view tests cover all profile types.	NEEDS RUNTIME EVIDENCE	Static path was inspected and disposable live Portal API flow exercised representative values across all six Company variants, Portal pull, Tablet hydration, and Tablet Customer View. This row lacks same-value assertion across every listed boundary/variant; do not infer alignment from matching names.
owner	Nickname	all company profiles	active.owner.nickname	text input	No	text	customer_trade_profiles.profile_data.active.owner	Yes	profile_data.active.owner.nickname	scalar string/date	profile_data nullable array	customer_trade_profiles.profile_data.active.owner	active owner profile JSON	ViewCustomer Owner Profile Nickname	customer_trade_profiles.profile_data	COMPLETE	—	—	Tablet CustomerProfileFormService stores active JSON; Portal ViewCustomer reads same path	Existing field path retained; no defect established.	NOT_EXERCISED	Not covered by the isolated outlet Add Customer E2E fixture.	OMMC (outlet), Last Mile (outlet), Fleet (fleet), OE (oe), IB (ib), CAR_CLUBS (outlet; extra mapped variant)	OPTIONAL: may be blank; validate only if supplied.	No explicit field/type/option rule except active.conversion_program and the two conditional conflicts.	profile_data is nullable|array; no nested active field validation except conditional aborts.	OPTIONAL; value-integrity validation gap when request is tampered or stale.	Visible for the listed profile/condition; enabled control; empty selection accepted unless noted.	PASS: minimal Add with this optional field blank across supported profile probe (unless activating condition)	PASS: minimal Portal create with optional field absent across supported profile probe (unless activating condition)	Human functional acceptance granted for Customer synchronization and view-alignment scope (2026-10-10). Fleet FLEET3741 Customer Information, Fleet Profile, Owner Profile, and Annual Category values observed in Portal. Row-level evidence and deferred blockers remain distinguished in this matrix and Work note.	OMMC-20261009 isolated feature validation: Portal 30 passed/350 assertions; Tablet 56 passed/426 assertions. Live physical-device/integrated API QA pending.	Last full run: 217 passed, 3 skipped, 6 failed; all six confirmed baseline/outdated expectations: 2 CustomerLocationMap, ExampleTest, 3 FirstLoginPersistence lastError expectations. See mirrored Work note.	CustomerPage trade_profile.profile_data.active scalar fields plus dedicated nested Owner renderer.	CORRECTED: Portal API validation retains supported active fields and validates supplied option/type/date/time values; sparse nested updates preserve omitted keys and explicit null clears a key. Portal push/pull and view tests cover all profile types.	NEEDS RUNTIME EVIDENCE	Static path was inspected and disposable live Portal API flow exercised representative values across all six Company variants, Portal pull, Tablet hydration, and Tablet Customer View. This row lacks same-value assertion across every listed boundary/variant; do not infer alignment from matching names.
owner	Successor Name	all company profiles	active.owner.successor_name	text input	No	text	customer_trade_profiles.profile_data.active.owner	Yes	profile_data.active.owner.successor_name	scalar string/date	profile_data nullable array	customer_trade_profiles.profile_data.active.owner	active owner profile JSON	ViewCustomer Owner Profile Successor Name	customer_trade_profiles.profile_data	COMPLETE	—	—	Tablet CustomerProfileFormService stores active JSON; Portal ViewCustomer reads same path	Existing field path retained; no defect established.	NOT_EXERCISED	Not covered by the isolated outlet Add Customer E2E fixture.	OMMC (outlet), Last Mile (outlet), Fleet (fleet), OE (oe), IB (ib), CAR_CLUBS (outlet; extra mapped variant)	OPTIONAL: may be blank; validate only if supplied.	No explicit field/type/option rule except active.conversion_program and the two conditional conflicts.	profile_data is nullable|array; no nested active field validation except conditional aborts.	OPTIONAL; value-integrity validation gap when request is tampered or stale.	Visible for the listed profile/condition; enabled control; empty selection accepted unless noted.	PASS: minimal Add with this optional field blank across supported profile probe (unless activating condition)	PASS: minimal Portal create with optional field absent across supported profile probe (unless activating condition)	Human functional acceptance granted for Customer synchronization and view-alignment scope (2026-10-10). Fleet FLEET3741 Customer Information, Fleet Profile, Owner Profile, and Annual Category values observed in Portal. Row-level evidence and deferred blockers remain distinguished in this matrix and Work note.	OMMC-20261009 isolated feature validation: Portal 30 passed/350 assertions; Tablet 56 passed/426 assertions. Live physical-device/integrated API QA pending.	Last full run: 217 passed, 3 skipped, 6 failed; all six confirmed baseline/outdated expectations: 2 CustomerLocationMap, ExampleTest, 3 FirstLoginPersistence lastError expectations. See mirrored Work note.	CustomerPage trade_profile.profile_data.active scalar fields plus dedicated nested Owner renderer.	CORRECTED: Portal API validation retains supported active fields and validates supplied option/type/date/time values; sparse nested updates preserve omitted keys and explicit null clears a key. Portal push/pull and view tests cover all profile types.	NEEDS RUNTIME EVIDENCE	Static path was inspected and disposable live Portal API flow exercised representative values across all six Company variants, Portal pull, Tablet hydration, and Tablet Customer View. This row lacks same-value assertion across every listed boundary/variant; do not infer alignment from matching names.
owner	Successor Birthday	all company profiles	active.owner.successor_birthday	text input	No	date	customer_trade_profiles.profile_data.active.owner	Yes	profile_data.active.owner.successor_birthday	scalar string/date	profile_data nullable array	customer_trade_profiles.profile_data.active.owner	active owner profile JSON	ViewCustomer Owner Profile Successor Birthday	customer_trade_profiles.profile_data	COMPLETE	—	—	Tablet CustomerProfileFormService stores active JSON; Portal ViewCustomer reads same path	Existing field path retained; no defect established.	NOT_EXERCISED	Not covered by the isolated outlet Add Customer E2E fixture.	OMMC (outlet), Last Mile (outlet), Fleet (fleet), OE (oe), IB (ib), CAR_CLUBS (outlet; extra mapped variant)	OPTIONAL: may be blank; validate only if supplied.	No explicit field/type/option rule except active.conversion_program and the two conditional conflicts.	profile_data is nullable|array; no nested active field validation except conditional aborts.	OPTIONAL; value-integrity validation gap when request is tampered or stale.	Visible for the listed profile/condition; enabled control; empty selection accepted unless noted.	PASS: minimal Add with this optional field blank across supported profile probe (unless activating condition)	PASS: minimal Portal create with optional field absent across supported profile probe (unless activating condition)	Human functional acceptance granted for Customer synchronization and view-alignment scope (2026-10-10). Fleet FLEET3741 Customer Information, Fleet Profile, Owner Profile, and Annual Category values observed in Portal. Row-level evidence and deferred blockers remain distinguished in this matrix and Work note.	OMMC-20261009 isolated feature validation: Portal 30 passed/350 assertions; Tablet 56 passed/426 assertions. Live physical-device/integrated API QA pending.	Last full run: 217 passed, 3 skipped, 6 failed; all six confirmed baseline/outdated expectations: 2 CustomerLocationMap, ExampleTest, 3 FirstLoginPersistence lastError expectations. See mirrored Work note.	CustomerPage trade_profile.profile_data.active scalar fields plus dedicated nested Owner renderer.	CORRECTED: Portal API validation retains supported active fields and validates supplied option/type/date/time values; sparse nested updates preserve omitted keys and explicit null clears a key. Portal push/pull and view tests cover all profile types.	NEEDS RUNTIME EVIDENCE	Static path was inspected and disposable live Portal API flow exercised representative values across all six Company variants, Portal pull, Tablet hydration, and Tablet Customer View. This row lacks same-value assertion across every listed boundary/variant; do not infer alignment from matching names.
owner	Relationship with the Owner	all company profiles	active.owner.relationship	text input	No	text	customer_trade_profiles.profile_data.active.owner	Yes	profile_data.active.owner.relationship	scalar string/date	profile_data nullable array	customer_trade_profiles.profile_data.active.owner	active owner profile JSON	ViewCustomer Owner Profile Relationship with the Owner	customer_trade_profiles.profile_data	COMPLETE	—	—	Tablet CustomerProfileFormService stores active JSON; Portal ViewCustomer reads same path	Existing field path retained; no defect established.	NOT_EXERCISED	Not covered by the isolated outlet Add Customer E2E fixture.	OMMC (outlet), Last Mile (outlet), Fleet (fleet), OE (oe), IB (ib), CAR_CLUBS (outlet; extra mapped variant)	OPTIONAL: may be blank; validate only if supplied.	No explicit field/type/option rule except active.conversion_program and the two conditional conflicts.	profile_data is nullable|array; no nested active field validation except conditional aborts.	OPTIONAL; value-integrity validation gap when request is tampered or stale.	Visible for the listed profile/condition; enabled control; empty selection accepted unless noted.	PASS: minimal Add with this optional field blank across supported profile probe (unless activating condition)	PASS: minimal Portal create with optional field absent across supported profile probe (unless activating condition)	Human functional acceptance granted for Customer synchronization and view-alignment scope (2026-10-10). Fleet FLEET3741 Customer Information, Fleet Profile, Owner Profile, and Annual Category values observed in Portal. Row-level evidence and deferred blockers remain distinguished in this matrix and Work note.	OMMC-20261009 isolated feature validation: Portal 30 passed/350 assertions; Tablet 56 passed/426 assertions. Live physical-device/integrated API QA pending.	Last full run: 217 passed, 3 skipped, 6 failed; all six confirmed baseline/outdated expectations: 2 CustomerLocationMap, ExampleTest, 3 FirstLoginPersistence lastError expectations. See mirrored Work note.	CustomerPage.customerDetail.trade_profile.profile_data.active.owner; dedicated Owner Profile section renders all eight scalar Owner fields.	CORRECTED: Portal sparse update retains omitted Owner keys and validates populated fields; Portal Profile and Tablet Customer View render nested Owner values. Automated API push/pull and view rendering cover all eight fields.	NEEDS RUNTIME EVIDENCE	Static path was inspected and disposable live Portal API flow exercised representative values across all six Company variants, Portal pull, Tablet hydration, and Tablet Customer View. This row lacks same-value assertion across every listed boundary/variant; do not infer alignment from matching names.
owner	Generation	all company profiles	active.owner.generation	text input	No	text	customer_trade_profiles.profile_data.active.owner	Yes	profile_data.active.owner.generation	scalar string/date	profile_data nullable array	customer_trade_profiles.profile_data.active.owner	active owner profile JSON	ViewCustomer Owner Profile Generation	customer_trade_profiles.profile_data	COMPLETE	—	—	Tablet CustomerProfileFormService stores active JSON; Portal ViewCustomer reads same path	Existing field path retained; no defect established.	NOT_EXERCISED	Not covered by the isolated outlet Add Customer E2E fixture.	OMMC (outlet), Last Mile (outlet), Fleet (fleet), OE (oe), IB (ib), CAR_CLUBS (outlet; extra mapped variant)	OPTIONAL: may be blank; validate only if supplied.	No explicit field/type/option rule except active.conversion_program and the two conditional conflicts.	profile_data is nullable|array; no nested active field validation except conditional aborts.	OPTIONAL; value-integrity validation gap when request is tampered or stale.	Visible for the listed profile/condition; enabled control; empty selection accepted unless noted.	PASS: minimal Add with this optional field blank across supported profile probe (unless activating condition)	PASS: minimal Portal create with optional field absent across supported profile probe (unless activating condition)	Human functional acceptance granted for Customer synchronization and view-alignment scope (2026-10-10). Fleet FLEET3741 Customer Information, Fleet Profile, Owner Profile, and Annual Category values observed in Portal. Row-level evidence and deferred blockers remain distinguished in this matrix and Work note.	OMMC-20261009 isolated feature validation: Portal 30 passed/350 assertions; Tablet 56 passed/426 assertions. Live physical-device/integrated API QA pending.	Last full run: 217 passed, 3 skipped, 6 failed; all six confirmed baseline/outdated expectations: 2 CustomerLocationMap, ExampleTest, 3 FirstLoginPersistence lastError expectations. See mirrored Work note.	CustomerPage trade_profile.profile_data.active scalar fields plus dedicated nested Owner renderer.	CORRECTED: Portal API validation retains supported active fields and validates supplied option/type/date/time values; sparse nested updates preserve omitted keys and explicit null clears a key. Portal push/pull and view tests cover all profile types.	NEEDS RUNTIME EVIDENCE	Static path was inspected and disposable live Portal API flow exercised representative values across all six Company variants, Portal pull, Tablet hydration, and Tablet Customer View. This row lacks same-value assertion across every listed boundary/variant; do not infer alignment from matching names.
owner	Hobbies	all company profiles	active.owner.hobbies	textarea	No	textarea	customer_trade_profiles.profile_data.active.owner	Yes	profile_data.active.owner.hobbies	scalar string/date	profile_data nullable array	customer_trade_profiles.profile_data.active.owner	active owner profile JSON	ViewCustomer Owner Profile Hobbies	customer_trade_profiles.profile_data	COMPLETE	—	—	Tablet CustomerProfileFormService stores active JSON; Portal ViewCustomer reads same path	Existing field path retained; no defect established.	NOT_EXERCISED	Not covered by the isolated outlet Add Customer E2E fixture.	OMMC (outlet), Last Mile (outlet), Fleet (fleet), OE (oe), IB (ib), CAR_CLUBS (outlet; extra mapped variant)	OPTIONAL: may be blank; validate only if supplied.	No explicit field/type/option rule except active.conversion_program and the two conditional conflicts.	profile_data is nullable|array; no nested active field validation except conditional aborts.	OPTIONAL; value-integrity validation gap when request is tampered or stale.	Visible for the listed profile/condition; enabled control; empty selection accepted unless noted.	PASS: minimal Add with this optional field blank across supported profile probe (unless activating condition)	PASS: minimal Portal create with optional field absent across supported profile probe (unless activating condition)	Human functional acceptance granted for Customer synchronization and view-alignment scope (2026-10-10). Fleet FLEET3741 Customer Information, Fleet Profile, Owner Profile, and Annual Category values observed in Portal. Row-level evidence and deferred blockers remain distinguished in this matrix and Work note.	OMMC-20261009 isolated feature validation: Portal 30 passed/350 assertions; Tablet 56 passed/426 assertions. Live physical-device/integrated API QA pending.	Last full run: 217 passed, 3 skipped, 6 failed; all six confirmed baseline/outdated expectations: 2 CustomerLocationMap, ExampleTest, 3 FirstLoginPersistence lastError expectations. See mirrored Work note.	CustomerPage trade_profile.profile_data.active scalar fields plus dedicated nested Owner renderer.	CORRECTED: Portal API validation retains supported active fields and validates supplied option/type/date/time values; sparse nested updates preserve omitted keys and explicit null clears a key. Portal push/pull and view tests cover all profile types.	NEEDS RUNTIME EVIDENCE	Static path was inspected and disposable live Portal API flow exercised representative values across all six Company variants, Portal pull, Tablet hydration, and Tablet Customer View. This row lacks same-value assertion across every listed boundary/variant; do not infer alignment from matching names.
annual category	AB 2018	outlet	categories.ab.2018	annual category select	No	CustomerProfileFormService categoryOptions(profile, stream)	customer_category_histories(customer_id,profile_type,stream,category_year,category)	Yes	category_histories[].{profile_type,stream=ab,category_year=2018,category}	canonical option string + stream/year	profile_type/stream supported; year in configured years; category in configured profile/stream options	customer_category_histories(customer_id, profile_type, stream, category_year)	category string in Portal V2 annual-history table; no scalar flattening	ViewCustomer annualCategoryTableState / annual-category-table, keyed by profile stream and year	TabletSyncPayload customer_category_histories -> SyncService upsert by customer/profile/stream/year	COMPLETE	—	—	Tablet CustomerProfileFormService::saveAggregate; SyncService::pushCustomerRecord; Portal SyncController::pushCustomer; CustomerProfileService::saveCategoryStreams; ViewCustomer annual-category-table	Tablet local history keyed by customer/profile/stream/year -> payload preserves dimensions -> Portal CustomerProfileService upsert -> pull upsert by same composite key; preservation regression test covers other year.	PASS	Outlet AB year was populated and observed in Portal history + Tablet pull in isolated normal-flow E2E.	OMMC (outlet), Last Mile (outlet), CAR_CLUBS (outlet; extra mapped variant)	OPTIONAL cell; blank history row is omitted.	No required rule; each nonblank category must exist in options for current profile/stream; only applicable streams/years are visited.	Each supplied history row requires integer category_year and string category; profile/stream/year/category must be allowed.	STRUCTURAL_REQUIRED_FIELDS only within a submitted row; OPTIONAL form cell.	Rendered by profile and Entry Detail stream; selection can be blank.	PASS: minimal Add with this optional field blank across supported profile probe (unless activating condition)	PASS: minimal Portal create with optional field absent across supported profile probe (unless activating condition)	Human functional acceptance granted for Customer synchronization and view-alignment scope (2026-10-10). Fleet FLEET3741 Customer Information, Fleet Profile, Owner Profile, and Annual Category values observed in Portal. Row-level evidence and deferred blockers remain distinguished in this matrix and Work note.	OMMC-20261009 isolated feature validation: Portal 30 passed/350 assertions; Tablet 56 passed/426 assertions. Live physical-device/integrated API QA pending.	Last full run: 217 passed, 3 skipped, 6 failed; all six confirmed baseline/outdated expectations: 2 CustomerLocationMap, ExampleTest, 3 FirstLoginPersistence lastError expectations. See mirrored Work note.	CustomerPage.category_histories / Portal annualCategoryTableState(); history remains keyed by Customer/profile/stream/year.	Shared Add/Edit Blade numeric-year binding corrected from invalid dotted JS access to bracket access; local history persistence, Push, Portal upsert/Pull and Profile empty/populated rendering are covered. FLEET3740 configured local stores have no history rows; whether values were selected is unknown.	NEEDS RUNTIME EVIDENCE	Live disposable Portal API test across OMMC, Last Mile, CAR_CLUBS, Fleet, OE, IB verified push acknowledgment, Portal pull values, Tablet pull persistence, and Tablet Customer View for this value family. Detailed row-level destination is documented in code/schema audit; physical iPad and non-test DB remain unverified. | 2026-10-10: Blade now binds numeric year with $wire.categories['stream'][year]; dotted numeric access was invalid JS (Node SyntaxError). Tablet Fleet Add/Edit/local history/Push tests and Portal persist/Pull/Profile tests pass. FLEET3740 configured Tablet and Portal DBs each have 0 history rows; original selection/payload and physical endpoint unavailable. Integrated endpoint test skipped; physical iPad E2E pending.
annual category	AB 2019	outlet	categories.ab.2019	annual category select	No	CustomerProfileFormService categoryOptions(profile, stream)	customer_category_histories(customer_id,profile_type,stream,category_year,category)	Yes	category_histories[].{profile_type,stream=ab,category_year=2019,category}	canonical option string + stream/year	profile_type/stream supported; year in configured years; category in configured profile/stream options	customer_category_histories(customer_id, profile_type, stream, category_year)	category string in Portal V2 annual-history table; no scalar flattening	ViewCustomer annualCategoryTableState / annual-category-table, keyed by profile stream and year	TabletSyncPayload customer_category_histories -> SyncService upsert by customer/profile/stream/year	COMPLETE	—	—	Tablet CustomerProfileFormService::saveAggregate; SyncService::pushCustomerRecord; Portal SyncController::pushCustomer; CustomerProfileService::saveCategoryStreams; ViewCustomer annual-category-table	Tablet local history keyed by customer/profile/stream/year -> payload preserves dimensions -> Portal CustomerProfileService upsert -> pull upsert by same composite key; preservation regression test covers other year.	PASS	Outlet AB year was populated and observed in Portal history + Tablet pull in isolated normal-flow E2E.	OMMC (outlet), Last Mile (outlet), CAR_CLUBS (outlet; extra mapped variant)	OPTIONAL cell; blank history row is omitted.	No required rule; each nonblank category must exist in options for current profile/stream; only applicable streams/years are visited.	Each supplied history row requires integer category_year and string category; profile/stream/year/category must be allowed.	STRUCTURAL_REQUIRED_FIELDS only within a submitted row; OPTIONAL form cell.	Rendered by profile and Entry Detail stream; selection can be blank.	PASS: minimal Add with this optional field blank across supported profile probe (unless activating condition)	PASS: minimal Portal create with optional field absent across supported profile probe (unless activating condition)	Human functional acceptance granted for Customer synchronization and view-alignment scope (2026-10-10). Fleet FLEET3741 Customer Information, Fleet Profile, Owner Profile, and Annual Category values observed in Portal. Row-level evidence and deferred blockers remain distinguished in this matrix and Work note.	OMMC-20261009 isolated feature validation: Portal 30 passed/350 assertions; Tablet 56 passed/426 assertions. Live physical-device/integrated API QA pending.	Last full run: 217 passed, 3 skipped, 6 failed; all six confirmed baseline/outdated expectations: 2 CustomerLocationMap, ExampleTest, 3 FirstLoginPersistence lastError expectations. See mirrored Work note.	CustomerPage.category_histories / Portal annualCategoryTableState(); history remains keyed by Customer/profile/stream/year.	Shared Add/Edit Blade numeric-year binding corrected from invalid dotted JS access to bracket access; local history persistence, Push, Portal upsert/Pull and Profile empty/populated rendering are covered. FLEET3740 configured local stores have no history rows; whether values were selected is unknown.	NEEDS RUNTIME EVIDENCE	Live disposable Portal API test across OMMC, Last Mile, CAR_CLUBS, Fleet, OE, IB verified push acknowledgment, Portal pull values, Tablet pull persistence, and Tablet Customer View for this value family. Detailed row-level destination is documented in code/schema audit; physical iPad and non-test DB remain unverified. | 2026-10-10: Blade now binds numeric year with $wire.categories['stream'][year]; dotted numeric access was invalid JS (Node SyntaxError). Tablet Fleet Add/Edit/local history/Push tests and Portal persist/Pull/Profile tests pass. FLEET3740 configured Tablet and Portal DBs each have 0 history rows; original selection/payload and physical endpoint unavailable. Integrated endpoint test skipped; physical iPad E2E pending.
annual category	AB 2020	outlet	categories.ab.2020	annual category select	No	CustomerProfileFormService categoryOptions(profile, stream)	customer_category_histories(customer_id,profile_type,stream,category_year,category)	Yes	category_histories[].{profile_type,stream=ab,category_year=2020,category}	canonical option string + stream/year	profile_type/stream supported; year in configured years; category in configured profile/stream options	customer_category_histories(customer_id, profile_type, stream, category_year)	category string in Portal V2 annual-history table; no scalar flattening	ViewCustomer annualCategoryTableState / annual-category-table, keyed by profile stream and year	TabletSyncPayload customer_category_histories -> SyncService upsert by customer/profile/stream/year	COMPLETE	—	—	Tablet CustomerProfileFormService::saveAggregate; SyncService::pushCustomerRecord; Portal SyncController::pushCustomer; CustomerProfileService::saveCategoryStreams; ViewCustomer annual-category-table	Tablet local history keyed by customer/profile/stream/year -> payload preserves dimensions -> Portal CustomerProfileService upsert -> pull upsert by same composite key; preservation regression test covers other year.	PASS	Outlet AB year was populated and observed in Portal history + Tablet pull in isolated normal-flow E2E.	OMMC (outlet), Last Mile (outlet), CAR_CLUBS (outlet; extra mapped variant)	OPTIONAL cell; blank history row is omitted.	No required rule; each nonblank category must exist in options for current profile/stream; only applicable streams/years are visited.	Each supplied history row requires integer category_year and string category; profile/stream/year/category must be allowed.	STRUCTURAL_REQUIRED_FIELDS only within a submitted row; OPTIONAL form cell.	Rendered by profile and Entry Detail stream; selection can be blank.	PASS: minimal Add with this optional field blank across supported profile probe (unless activating condition)	PASS: minimal Portal create with optional field absent across supported profile probe (unless activating condition)	Human functional acceptance granted for Customer synchronization and view-alignment scope (2026-10-10). Fleet FLEET3741 Customer Information, Fleet Profile, Owner Profile, and Annual Category values observed in Portal. Row-level evidence and deferred blockers remain distinguished in this matrix and Work note.	OMMC-20261009 isolated feature validation: Portal 30 passed/350 assertions; Tablet 56 passed/426 assertions. Live physical-device/integrated API QA pending.	Last full run: 217 passed, 3 skipped, 6 failed; all six confirmed baseline/outdated expectations: 2 CustomerLocationMap, ExampleTest, 3 FirstLoginPersistence lastError expectations. See mirrored Work note.	CustomerPage.category_histories / Portal annualCategoryTableState(); history remains keyed by Customer/profile/stream/year.	Shared Add/Edit Blade numeric-year binding corrected from invalid dotted JS access to bracket access; local history persistence, Push, Portal upsert/Pull and Profile empty/populated rendering are covered. FLEET3740 configured local stores have no history rows; whether values were selected is unknown.	NEEDS RUNTIME EVIDENCE	Live disposable Portal API test across OMMC, Last Mile, CAR_CLUBS, Fleet, OE, IB verified push acknowledgment, Portal pull values, Tablet pull persistence, and Tablet Customer View for this value family. Detailed row-level destination is documented in code/schema audit; physical iPad and non-test DB remain unverified. | 2026-10-10: Blade now binds numeric year with $wire.categories['stream'][year]; dotted numeric access was invalid JS (Node SyntaxError). Tablet Fleet Add/Edit/local history/Push tests and Portal persist/Pull/Profile tests pass. FLEET3740 configured Tablet and Portal DBs each have 0 history rows; original selection/payload and physical endpoint unavailable. Integrated endpoint test skipped; physical iPad E2E pending.
annual category	AB 2021	outlet	categories.ab.2021	annual category select	No	CustomerProfileFormService categoryOptions(profile, stream)	customer_category_histories(customer_id,profile_type,stream,category_year,category)	Yes	category_histories[].{profile_type,stream=ab,category_year=2021,category}	canonical option string + stream/year	profile_type/stream supported; year in configured years; category in configured profile/stream options	customer_category_histories(customer_id, profile_type, stream, category_year)	category string in Portal V2 annual-history table; no scalar flattening	ViewCustomer annualCategoryTableState / annual-category-table, keyed by profile stream and year	TabletSyncPayload customer_category_histories -> SyncService upsert by customer/profile/stream/year	COMPLETE	—	—	Tablet CustomerProfileFormService::saveAggregate; SyncService::pushCustomerRecord; Portal SyncController::pushCustomer; CustomerProfileService::saveCategoryStreams; ViewCustomer annual-category-table	Tablet local history keyed by customer/profile/stream/year -> payload preserves dimensions -> Portal CustomerProfileService upsert -> pull upsert by same composite key; preservation regression test covers other year.	PASS	Outlet AB year was populated and observed in Portal history + Tablet pull in isolated normal-flow E2E.	OMMC (outlet), Last Mile (outlet), CAR_CLUBS (outlet; extra mapped variant)	OPTIONAL cell; blank history row is omitted.	No required rule; each nonblank category must exist in options for current profile/stream; only applicable streams/years are visited.	Each supplied history row requires integer category_year and string category; profile/stream/year/category must be allowed.	STRUCTURAL_REQUIRED_FIELDS only within a submitted row; OPTIONAL form cell.	Rendered by profile and Entry Detail stream; selection can be blank.	PASS: minimal Add with this optional field blank across supported profile probe (unless activating condition)	PASS: minimal Portal create with optional field absent across supported profile probe (unless activating condition)	Human functional acceptance granted for Customer synchronization and view-alignment scope (2026-10-10). Fleet FLEET3741 Customer Information, Fleet Profile, Owner Profile, and Annual Category values observed in Portal. Row-level evidence and deferred blockers remain distinguished in this matrix and Work note.	OMMC-20261009 isolated feature validation: Portal 30 passed/350 assertions; Tablet 56 passed/426 assertions. Live physical-device/integrated API QA pending.	Last full run: 217 passed, 3 skipped, 6 failed; all six confirmed baseline/outdated expectations: 2 CustomerLocationMap, ExampleTest, 3 FirstLoginPersistence lastError expectations. See mirrored Work note.	CustomerPage.category_histories / Portal annualCategoryTableState(); history remains keyed by Customer/profile/stream/year.	Shared Add/Edit Blade numeric-year binding corrected from invalid dotted JS access to bracket access; local history persistence, Push, Portal upsert/Pull and Profile empty/populated rendering are covered. FLEET3740 configured local stores have no history rows; whether values were selected is unknown.	NEEDS RUNTIME EVIDENCE	Live disposable Portal API test across OMMC, Last Mile, CAR_CLUBS, Fleet, OE, IB verified push acknowledgment, Portal pull values, Tablet pull persistence, and Tablet Customer View for this value family. Detailed row-level destination is documented in code/schema audit; physical iPad and non-test DB remain unverified. | 2026-10-10: Blade now binds numeric year with $wire.categories['stream'][year]; dotted numeric access was invalid JS (Node SyntaxError). Tablet Fleet Add/Edit/local history/Push tests and Portal persist/Pull/Profile tests pass. FLEET3740 configured Tablet and Portal DBs each have 0 history rows; original selection/payload and physical endpoint unavailable. Integrated endpoint test skipped; physical iPad E2E pending.
annual category	AB 2022	outlet	categories.ab.2022	annual category select	No	CustomerProfileFormService categoryOptions(profile, stream)	customer_category_histories(customer_id,profile_type,stream,category_year,category)	Yes	category_histories[].{profile_type,stream=ab,category_year=2022,category}	canonical option string + stream/year	profile_type/stream supported; year in configured years; category in configured profile/stream options	customer_category_histories(customer_id, profile_type, stream, category_year)	category string in Portal V2 annual-history table; no scalar flattening	ViewCustomer annualCategoryTableState / annual-category-table, keyed by profile stream and year	TabletSyncPayload customer_category_histories -> SyncService upsert by customer/profile/stream/year	COMPLETE	—	—	Tablet CustomerProfileFormService::saveAggregate; SyncService::pushCustomerRecord; Portal SyncController::pushCustomer; CustomerProfileService::saveCategoryStreams; ViewCustomer annual-category-table	Tablet local history keyed by customer/profile/stream/year -> payload preserves dimensions -> Portal CustomerProfileService upsert -> pull upsert by same composite key; preservation regression test covers other year.	PASS	Outlet AB year was populated and observed in Portal history + Tablet pull in isolated normal-flow E2E.	OMMC (outlet), Last Mile (outlet), CAR_CLUBS (outlet; extra mapped variant)	OPTIONAL cell; blank history row is omitted.	No required rule; each nonblank category must exist in options for current profile/stream; only applicable streams/years are visited.	Each supplied history row requires integer category_year and string category; profile/stream/year/category must be allowed.	STRUCTURAL_REQUIRED_FIELDS only within a submitted row; OPTIONAL form cell.	Rendered by profile and Entry Detail stream; selection can be blank.	PASS: minimal Add with this optional field blank across supported profile probe (unless activating condition)	PASS: minimal Portal create with optional field absent across supported profile probe (unless activating condition)	Human functional acceptance granted for Customer synchronization and view-alignment scope (2026-10-10). Fleet FLEET3741 Customer Information, Fleet Profile, Owner Profile, and Annual Category values observed in Portal. Row-level evidence and deferred blockers remain distinguished in this matrix and Work note.	OMMC-20261009 isolated feature validation: Portal 30 passed/350 assertions; Tablet 56 passed/426 assertions. Live physical-device/integrated API QA pending.	Last full run: 217 passed, 3 skipped, 6 failed; all six confirmed baseline/outdated expectations: 2 CustomerLocationMap, ExampleTest, 3 FirstLoginPersistence lastError expectations. See mirrored Work note.	CustomerPage.category_histories / Portal annualCategoryTableState(); history remains keyed by Customer/profile/stream/year.	Shared Add/Edit Blade numeric-year binding corrected from invalid dotted JS access to bracket access; local history persistence, Push, Portal upsert/Pull and Profile empty/populated rendering are covered. FLEET3740 configured local stores have no history rows; whether values were selected is unknown.	NEEDS RUNTIME EVIDENCE	Live disposable Portal API test across OMMC, Last Mile, CAR_CLUBS, Fleet, OE, IB verified push acknowledgment, Portal pull values, Tablet pull persistence, and Tablet Customer View for this value family. Detailed row-level destination is documented in code/schema audit; physical iPad and non-test DB remain unverified. | 2026-10-10: Blade now binds numeric year with $wire.categories['stream'][year]; dotted numeric access was invalid JS (Node SyntaxError). Tablet Fleet Add/Edit/local history/Push tests and Portal persist/Pull/Profile tests pass. FLEET3740 configured Tablet and Portal DBs each have 0 history rows; original selection/payload and physical endpoint unavailable. Integrated endpoint test skipped; physical iPad E2E pending.
annual category	AB 2023	outlet	categories.ab.2023	annual category select	No	CustomerProfileFormService categoryOptions(profile, stream)	customer_category_histories(customer_id,profile_type,stream,category_year,category)	Yes	category_histories[].{profile_type,stream=ab,category_year=2023,category}	canonical option string + stream/year	profile_type/stream supported; year in configured years; category in configured profile/stream options	customer_category_histories(customer_id, profile_type, stream, category_year)	category string in Portal V2 annual-history table; no scalar flattening	ViewCustomer annualCategoryTableState / annual-category-table, keyed by profile stream and year	TabletSyncPayload customer_category_histories -> SyncService upsert by customer/profile/stream/year	COMPLETE	—	—	Tablet CustomerProfileFormService::saveAggregate; SyncService::pushCustomerRecord; Portal SyncController::pushCustomer; CustomerProfileService::saveCategoryStreams; ViewCustomer annual-category-table	Tablet local history keyed by customer/profile/stream/year -> payload preserves dimensions -> Portal CustomerProfileService upsert -> pull upsert by same composite key; preservation regression test covers other year.	PASS	Outlet AB year was populated and observed in Portal history + Tablet pull in isolated normal-flow E2E.	OMMC (outlet), Last Mile (outlet), CAR_CLUBS (outlet; extra mapped variant)	OPTIONAL cell; blank history row is omitted.	No required rule; each nonblank category must exist in options for current profile/stream; only applicable streams/years are visited.	Each supplied history row requires integer category_year and string category; profile/stream/year/category must be allowed.	STRUCTURAL_REQUIRED_FIELDS only within a submitted row; OPTIONAL form cell.	Rendered by profile and Entry Detail stream; selection can be blank.	PASS: minimal Add with this optional field blank across supported profile probe (unless activating condition)	PASS: minimal Portal create with optional field absent across supported profile probe (unless activating condition)	Human functional acceptance granted for Customer synchronization and view-alignment scope (2026-10-10). Fleet FLEET3741 Customer Information, Fleet Profile, Owner Profile, and Annual Category values observed in Portal. Row-level evidence and deferred blockers remain distinguished in this matrix and Work note.	OMMC-20261009 isolated feature validation: Portal 30 passed/350 assertions; Tablet 56 passed/426 assertions. Live physical-device/integrated API QA pending.	Last full run: 217 passed, 3 skipped, 6 failed; all six confirmed baseline/outdated expectations: 2 CustomerLocationMap, ExampleTest, 3 FirstLoginPersistence lastError expectations. See mirrored Work note.	CustomerPage.category_histories / Portal annualCategoryTableState(); history remains keyed by Customer/profile/stream/year.	Shared Add/Edit Blade numeric-year binding corrected from invalid dotted JS access to bracket access; local history persistence, Push, Portal upsert/Pull and Profile empty/populated rendering are covered. FLEET3740 configured local stores have no history rows; whether values were selected is unknown.	NEEDS RUNTIME EVIDENCE	Live disposable Portal API test across OMMC, Last Mile, CAR_CLUBS, Fleet, OE, IB verified push acknowledgment, Portal pull values, Tablet pull persistence, and Tablet Customer View for this value family. Detailed row-level destination is documented in code/schema audit; physical iPad and non-test DB remain unverified. | 2026-10-10: Blade now binds numeric year with $wire.categories['stream'][year]; dotted numeric access was invalid JS (Node SyntaxError). Tablet Fleet Add/Edit/local history/Push tests and Portal persist/Pull/Profile tests pass. FLEET3740 configured Tablet and Portal DBs each have 0 history rows; original selection/payload and physical endpoint unavailable. Integrated endpoint test skipped; physical iPad E2E pending.
annual category	AB 2024	outlet	categories.ab.2024	annual category select	No	CustomerProfileFormService categoryOptions(profile, stream)	customer_category_histories(customer_id,profile_type,stream,category_year,category)	Yes	category_histories[].{profile_type,stream=ab,category_year=2024,category}	canonical option string + stream/year	profile_type/stream supported; year in configured years; category in configured profile/stream options	customer_category_histories(customer_id, profile_type, stream, category_year)	category string in Portal V2 annual-history table; no scalar flattening	ViewCustomer annualCategoryTableState / annual-category-table, keyed by profile stream and year	TabletSyncPayload customer_category_histories -> SyncService upsert by customer/profile/stream/year	COMPLETE	—	—	Tablet CustomerProfileFormService::saveAggregate; SyncService::pushCustomerRecord; Portal SyncController::pushCustomer; CustomerProfileService::saveCategoryStreams; ViewCustomer annual-category-table	Tablet local history keyed by customer/profile/stream/year -> payload preserves dimensions -> Portal CustomerProfileService upsert -> pull upsert by same composite key; preservation regression test covers other year.	PASS	Outlet AB year was populated and observed in Portal history + Tablet pull in isolated normal-flow E2E.	OMMC (outlet), Last Mile (outlet), CAR_CLUBS (outlet; extra mapped variant)	OPTIONAL cell; blank history row is omitted.	No required rule; each nonblank category must exist in options for current profile/stream; only applicable streams/years are visited.	Each supplied history row requires integer category_year and string category; profile/stream/year/category must be allowed.	STRUCTURAL_REQUIRED_FIELDS only within a submitted row; OPTIONAL form cell.	Rendered by profile and Entry Detail stream; selection can be blank.	PASS: minimal Add with this optional field blank across supported profile probe (unless activating condition)	PASS: minimal Portal create with optional field absent across supported profile probe (unless activating condition)	Human functional acceptance granted for Customer synchronization and view-alignment scope (2026-10-10). Fleet FLEET3741 Customer Information, Fleet Profile, Owner Profile, and Annual Category values observed in Portal. Row-level evidence and deferred blockers remain distinguished in this matrix and Work note.	OMMC-20261009 isolated feature validation: Portal 30 passed/350 assertions; Tablet 56 passed/426 assertions. Live physical-device/integrated API QA pending.	Last full run: 217 passed, 3 skipped, 6 failed; all six confirmed baseline/outdated expectations: 2 CustomerLocationMap, ExampleTest, 3 FirstLoginPersistence lastError expectations. See mirrored Work note.	CustomerPage.category_histories / Portal annualCategoryTableState(); history remains keyed by Customer/profile/stream/year.	Shared Add/Edit Blade numeric-year binding corrected from invalid dotted JS access to bracket access; local history persistence, Push, Portal upsert/Pull and Profile empty/populated rendering are covered. FLEET3740 configured local stores have no history rows; whether values were selected is unknown.	NEEDS RUNTIME EVIDENCE	Live disposable Portal API test across OMMC, Last Mile, CAR_CLUBS, Fleet, OE, IB verified push acknowledgment, Portal pull values, Tablet pull persistence, and Tablet Customer View for this value family. Detailed row-level destination is documented in code/schema audit; physical iPad and non-test DB remain unverified. | 2026-10-10: Blade now binds numeric year with $wire.categories['stream'][year]; dotted numeric access was invalid JS (Node SyntaxError). Tablet Fleet Add/Edit/local history/Push tests and Portal persist/Pull/Profile tests pass. FLEET3740 configured Tablet and Portal DBs each have 0 history rows; original selection/payload and physical endpoint unavailable. Integrated endpoint test skipped; physical iPad E2E pending.
annual category	AB 2025	outlet	categories.ab.2025	annual category select	No	CustomerProfileFormService categoryOptions(profile, stream)	customer_category_histories(customer_id,profile_type,stream,category_year,category)	Yes	category_histories[].{profile_type,stream=ab,category_year=2025,category}	canonical option string + stream/year	profile_type/stream supported; year in configured years; category in configured profile/stream options	customer_category_histories(customer_id, profile_type, stream, category_year)	category string in Portal V2 annual-history table; no scalar flattening	ViewCustomer annualCategoryTableState / annual-category-table, keyed by profile stream and year	TabletSyncPayload customer_category_histories -> SyncService upsert by customer/profile/stream/year	COMPLETE	—	—	Tablet CustomerProfileFormService::saveAggregate; SyncService::pushCustomerRecord; Portal SyncController::pushCustomer; CustomerProfileService::saveCategoryStreams; ViewCustomer annual-category-table	Tablet local history keyed by customer/profile/stream/year -> payload preserves dimensions -> Portal CustomerProfileService upsert -> pull upsert by same composite key; preservation regression test covers other year.	PASS	Outlet AB year was populated and observed in Portal history + Tablet pull in isolated normal-flow E2E.	OMMC (outlet), Last Mile (outlet), CAR_CLUBS (outlet; extra mapped variant)	OPTIONAL cell; blank history row is omitted.	No required rule; each nonblank category must exist in options for current profile/stream; only applicable streams/years are visited.	Each supplied history row requires integer category_year and string category; profile/stream/year/category must be allowed.	STRUCTURAL_REQUIRED_FIELDS only within a submitted row; OPTIONAL form cell.	Rendered by profile and Entry Detail stream; selection can be blank.	PASS: minimal Add with this optional field blank across supported profile probe (unless activating condition)	PASS: minimal Portal create with optional field absent across supported profile probe (unless activating condition)	Human functional acceptance granted for Customer synchronization and view-alignment scope (2026-10-10). Fleet FLEET3741 Customer Information, Fleet Profile, Owner Profile, and Annual Category values observed in Portal. Row-level evidence and deferred blockers remain distinguished in this matrix and Work note.	OMMC-20261009 isolated feature validation: Portal 30 passed/350 assertions; Tablet 56 passed/426 assertions. Live physical-device/integrated API QA pending.	Last full run: 217 passed, 3 skipped, 6 failed; all six confirmed baseline/outdated expectations: 2 CustomerLocationMap, ExampleTest, 3 FirstLoginPersistence lastError expectations. See mirrored Work note.	CustomerPage.category_histories / Portal annualCategoryTableState(); history remains keyed by Customer/profile/stream/year.	Shared Add/Edit Blade numeric-year binding corrected from invalid dotted JS access to bracket access; local history persistence, Push, Portal upsert/Pull and Profile empty/populated rendering are covered. FLEET3740 configured local stores have no history rows; whether values were selected is unknown.	NEEDS RUNTIME EVIDENCE	Live disposable Portal API test across OMMC, Last Mile, CAR_CLUBS, Fleet, OE, IB verified push acknowledgment, Portal pull values, Tablet pull persistence, and Tablet Customer View for this value family. Detailed row-level destination is documented in code/schema audit; physical iPad and non-test DB remain unverified. | 2026-10-10: Blade now binds numeric year with $wire.categories['stream'][year]; dotted numeric access was invalid JS (Node SyntaxError). Tablet Fleet Add/Edit/local history/Push tests and Portal persist/Pull/Profile tests pass. FLEET3740 configured Tablet and Portal DBs each have 0 history rows; original selection/payload and physical endpoint unavailable. Integrated endpoint test skipped; physical iPad E2E pending.
annual category	AB 2026	outlet	categories.ab.2026	annual category select	No	CustomerProfileFormService categoryOptions(profile, stream)	customer_category_histories(customer_id,profile_type,stream,category_year,category)	Yes	category_histories[].{profile_type,stream=ab,category_year=2026,category}	canonical option string + stream/year	profile_type/stream supported; year in configured years; category in configured profile/stream options	customer_category_histories(customer_id, profile_type, stream, category_year)	category string in Portal V2 annual-history table; no scalar flattening	ViewCustomer annualCategoryTableState / annual-category-table, keyed by profile stream and year	TabletSyncPayload customer_category_histories -> SyncService upsert by customer/profile/stream/year	COMPLETE	—	—	Tablet CustomerProfileFormService::saveAggregate; SyncService::pushCustomerRecord; Portal SyncController::pushCustomer; CustomerProfileService::saveCategoryStreams; ViewCustomer annual-category-table	Tablet local history keyed by customer/profile/stream/year -> payload preserves dimensions -> Portal CustomerProfileService upsert -> pull upsert by same composite key; preservation regression test covers other year.	PASS	Outlet AB year was populated and observed in Portal history + Tablet pull in isolated normal-flow E2E.	OMMC (outlet), Last Mile (outlet), CAR_CLUBS (outlet; extra mapped variant)	OPTIONAL cell; blank history row is omitted.	No required rule; each nonblank category must exist in options for current profile/stream; only applicable streams/years are visited.	Each supplied history row requires integer category_year and string category; profile/stream/year/category must be allowed.	STRUCTURAL_REQUIRED_FIELDS only within a submitted row; OPTIONAL form cell.	Rendered by profile and Entry Detail stream; selection can be blank.	PASS: minimal Add with this optional field blank across supported profile probe (unless activating condition)	PASS: minimal Portal create with optional field absent across supported profile probe (unless activating condition)	Human functional acceptance granted for Customer synchronization and view-alignment scope (2026-10-10). Fleet FLEET3741 Customer Information, Fleet Profile, Owner Profile, and Annual Category values observed in Portal. Row-level evidence and deferred blockers remain distinguished in this matrix and Work note.	OMMC-20261009 isolated feature validation: Portal 30 passed/350 assertions; Tablet 56 passed/426 assertions. Live physical-device/integrated API QA pending.	Last full run: 217 passed, 3 skipped, 6 failed; all six confirmed baseline/outdated expectations: 2 CustomerLocationMap, ExampleTest, 3 FirstLoginPersistence lastError expectations. See mirrored Work note.	CustomerPage.category_histories / Portal annualCategoryTableState(); history remains keyed by Customer/profile/stream/year.	Shared Add/Edit Blade numeric-year binding corrected from invalid dotted JS access to bracket access; local history persistence, Push, Portal upsert/Pull and Profile empty/populated rendering are covered. FLEET3740 configured local stores have no history rows; whether values were selected is unknown.	NEEDS RUNTIME EVIDENCE	Live disposable Portal API test across OMMC, Last Mile, CAR_CLUBS, Fleet, OE, IB verified push acknowledgment, Portal pull values, Tablet pull persistence, and Tablet Customer View for this value family. Detailed row-level destination is documented in code/schema audit; physical iPad and non-test DB remain unverified. | 2026-10-10: Blade now binds numeric year with $wire.categories['stream'][year]; dotted numeric access was invalid JS (Node SyntaxError). Tablet Fleet Add/Edit/local history/Push tests and Portal persist/Pull/Profile tests pass. FLEET3740 configured Tablet and Portal DBs each have 0 history rows; original selection/payload and physical endpoint unavailable. Integrated endpoint test skipped; physical iPad E2E pending.
annual category	MCB 2018	outlet	categories.mcb.2018	annual category select	No	CustomerProfileFormService categoryOptions(profile, stream)	customer_category_histories(customer_id,profile_type,stream,category_year,category)	Yes	category_histories[].{profile_type,stream=mcb,category_year=2018,category}	canonical option string + stream/year	profile_type/stream supported; year in configured years; category in configured profile/stream options	customer_category_histories(customer_id, profile_type, stream, category_year)	category string in Portal V2 annual-history table; no scalar flattening	ViewCustomer annualCategoryTableState / annual-category-table, keyed by profile stream and year	TabletSyncPayload customer_category_histories -> SyncService upsert by customer/profile/stream/year	COMPLETE	—	—	Tablet CustomerProfileFormService::saveAggregate; SyncService::pushCustomerRecord; Portal SyncController::pushCustomer; CustomerProfileService::saveCategoryStreams; ViewCustomer annual-category-table	Tablet local history keyed by customer/profile/stream/year -> payload preserves dimensions -> Portal CustomerProfileService upsert -> pull upsert by same composite key; preservation regression test covers other year.	NOT_EXERCISED	Static path + Portal regression coverage; other profile/stream normal-flow E2E not run.	OMMC (outlet), Last Mile (outlet), CAR_CLUBS (outlet; extra mapped variant)	OPTIONAL cell; blank history row is omitted.	No required rule; each nonblank category must exist in options for current profile/stream; only applicable streams/years are visited.	Each supplied history row requires integer category_year and string category; profile/stream/year/category must be allowed.	STRUCTURAL_REQUIRED_FIELDS only within a submitted row; OPTIONAL form cell.	Rendered by profile and Entry Detail stream; selection can be blank.	PASS: minimal Add with this optional field blank across supported profile probe (unless activating condition)	PASS: minimal Portal create with optional field absent across supported profile probe (unless activating condition)	Human functional acceptance granted for Customer synchronization and view-alignment scope (2026-10-10). Fleet FLEET3741 Customer Information, Fleet Profile, Owner Profile, and Annual Category values observed in Portal. Row-level evidence and deferred blockers remain distinguished in this matrix and Work note.	OMMC-20261009 isolated feature validation: Portal 30 passed/350 assertions; Tablet 56 passed/426 assertions. Live physical-device/integrated API QA pending.	Last full run: 217 passed, 3 skipped, 6 failed; all six confirmed baseline/outdated expectations: 2 CustomerLocationMap, ExampleTest, 3 FirstLoginPersistence lastError expectations. See mirrored Work note.	CustomerPage.category_histories / Portal annualCategoryTableState(); history remains keyed by Customer/profile/stream/year.	Shared Add/Edit Blade numeric-year binding corrected from invalid dotted JS access to bracket access; local history persistence, Push, Portal upsert/Pull and Profile empty/populated rendering are covered. FLEET3740 configured local stores have no history rows; whether values were selected is unknown.	NEEDS RUNTIME EVIDENCE	Live disposable Portal API test across OMMC, Last Mile, CAR_CLUBS, Fleet, OE, IB verified push acknowledgment, Portal pull values, Tablet pull persistence, and Tablet Customer View for this value family. Detailed row-level destination is documented in code/schema audit; physical iPad and non-test DB remain unverified. | 2026-10-10: Blade now binds numeric year with $wire.categories['stream'][year]; dotted numeric access was invalid JS (Node SyntaxError). Tablet Fleet Add/Edit/local history/Push tests and Portal persist/Pull/Profile tests pass. FLEET3740 configured Tablet and Portal DBs each have 0 history rows; original selection/payload and physical endpoint unavailable. Integrated endpoint test skipped; physical iPad E2E pending.
annual category	MCB 2019	outlet	categories.mcb.2019	annual category select	No	CustomerProfileFormService categoryOptions(profile, stream)	customer_category_histories(customer_id,profile_type,stream,category_year,category)	Yes	category_histories[].{profile_type,stream=mcb,category_year=2019,category}	canonical option string + stream/year	profile_type/stream supported; year in configured years; category in configured profile/stream options	customer_category_histories(customer_id, profile_type, stream, category_year)	category string in Portal V2 annual-history table; no scalar flattening	ViewCustomer annualCategoryTableState / annual-category-table, keyed by profile stream and year	TabletSyncPayload customer_category_histories -> SyncService upsert by customer/profile/stream/year	COMPLETE	—	—	Tablet CustomerProfileFormService::saveAggregate; SyncService::pushCustomerRecord; Portal SyncController::pushCustomer; CustomerProfileService::saveCategoryStreams; ViewCustomer annual-category-table	Tablet local history keyed by customer/profile/stream/year -> payload preserves dimensions -> Portal CustomerProfileService upsert -> pull upsert by same composite key; preservation regression test covers other year.	NOT_EXERCISED	Static path + Portal regression coverage; other profile/stream normal-flow E2E not run.	OMMC (outlet), Last Mile (outlet), CAR_CLUBS (outlet; extra mapped variant)	OPTIONAL cell; blank history row is omitted.	No required rule; each nonblank category must exist in options for current profile/stream; only applicable streams/years are visited.	Each supplied history row requires integer category_year and string category; profile/stream/year/category must be allowed.	STRUCTURAL_REQUIRED_FIELDS only within a submitted row; OPTIONAL form cell.	Rendered by profile and Entry Detail stream; selection can be blank.	PASS: minimal Add with this optional field blank across supported profile probe (unless activating condition)	PASS: minimal Portal create with optional field absent across supported profile probe (unless activating condition)	Human functional acceptance granted for Customer synchronization and view-alignment scope (2026-10-10). Fleet FLEET3741 Customer Information, Fleet Profile, Owner Profile, and Annual Category values observed in Portal. Row-level evidence and deferred blockers remain distinguished in this matrix and Work note.	OMMC-20261009 isolated feature validation: Portal 30 passed/350 assertions; Tablet 56 passed/426 assertions. Live physical-device/integrated API QA pending.	Last full run: 217 passed, 3 skipped, 6 failed; all six confirmed baseline/outdated expectations: 2 CustomerLocationMap, ExampleTest, 3 FirstLoginPersistence lastError expectations. See mirrored Work note.	CustomerPage.category_histories / Portal annualCategoryTableState(); history remains keyed by Customer/profile/stream/year.	Shared Add/Edit Blade numeric-year binding corrected from invalid dotted JS access to bracket access; local history persistence, Push, Portal upsert/Pull and Profile empty/populated rendering are covered. FLEET3740 configured local stores have no history rows; whether values were selected is unknown.	NEEDS RUNTIME EVIDENCE	Live disposable Portal API test across OMMC, Last Mile, CAR_CLUBS, Fleet, OE, IB verified push acknowledgment, Portal pull values, Tablet pull persistence, and Tablet Customer View for this value family. Detailed row-level destination is documented in code/schema audit; physical iPad and non-test DB remain unverified. | 2026-10-10: Blade now binds numeric year with $wire.categories['stream'][year]; dotted numeric access was invalid JS (Node SyntaxError). Tablet Fleet Add/Edit/local history/Push tests and Portal persist/Pull/Profile tests pass. FLEET3740 configured Tablet and Portal DBs each have 0 history rows; original selection/payload and physical endpoint unavailable. Integrated endpoint test skipped; physical iPad E2E pending.
annual category	MCB 2020	outlet	categories.mcb.2020	annual category select	No	CustomerProfileFormService categoryOptions(profile, stream)	customer_category_histories(customer_id,profile_type,stream,category_year,category)	Yes	category_histories[].{profile_type,stream=mcb,category_year=2020,category}	canonical option string + stream/year	profile_type/stream supported; year in configured years; category in configured profile/stream options	customer_category_histories(customer_id, profile_type, stream, category_year)	category string in Portal V2 annual-history table; no scalar flattening	ViewCustomer annualCategoryTableState / annual-category-table, keyed by profile stream and year	TabletSyncPayload customer_category_histories -> SyncService upsert by customer/profile/stream/year	COMPLETE	—	—	Tablet CustomerProfileFormService::saveAggregate; SyncService::pushCustomerRecord; Portal SyncController::pushCustomer; CustomerProfileService::saveCategoryStreams; ViewCustomer annual-category-table	Tablet local history keyed by customer/profile/stream/year -> payload preserves dimensions -> Portal CustomerProfileService upsert -> pull upsert by same composite key; preservation regression test covers other year.	NOT_EXERCISED	Static path + Portal regression coverage; other profile/stream normal-flow E2E not run.	OMMC (outlet), Last Mile (outlet), CAR_CLUBS (outlet; extra mapped variant)	OPTIONAL cell; blank history row is omitted.	No required rule; each nonblank category must exist in options for current profile/stream; only applicable streams/years are visited.	Each supplied history row requires integer category_year and string category; profile/stream/year/category must be allowed.	STRUCTURAL_REQUIRED_FIELDS only within a submitted row; OPTIONAL form cell.	Rendered by profile and Entry Detail stream; selection can be blank.	PASS: minimal Add with this optional field blank across supported profile probe (unless activating condition)	PASS: minimal Portal create with optional field absent across supported profile probe (unless activating condition)	Human functional acceptance granted for Customer synchronization and view-alignment scope (2026-10-10). Fleet FLEET3741 Customer Information, Fleet Profile, Owner Profile, and Annual Category values observed in Portal. Row-level evidence and deferred blockers remain distinguished in this matrix and Work note.	OMMC-20261009 isolated feature validation: Portal 30 passed/350 assertions; Tablet 56 passed/426 assertions. Live physical-device/integrated API QA pending.	Last full run: 217 passed, 3 skipped, 6 failed; all six confirmed baseline/outdated expectations: 2 CustomerLocationMap, ExampleTest, 3 FirstLoginPersistence lastError expectations. See mirrored Work note.	CustomerPage.category_histories / Portal annualCategoryTableState(); history remains keyed by Customer/profile/stream/year.	Shared Add/Edit Blade numeric-year binding corrected from invalid dotted JS access to bracket access; local history persistence, Push, Portal upsert/Pull and Profile empty/populated rendering are covered. FLEET3740 configured local stores have no history rows; whether values were selected is unknown.	NEEDS RUNTIME EVIDENCE	Live disposable Portal API test across OMMC, Last Mile, CAR_CLUBS, Fleet, OE, IB verified push acknowledgment, Portal pull values, Tablet pull persistence, and Tablet Customer View for this value family. Detailed row-level destination is documented in code/schema audit; physical iPad and non-test DB remain unverified. | 2026-10-10: Blade now binds numeric year with $wire.categories['stream'][year]; dotted numeric access was invalid JS (Node SyntaxError). Tablet Fleet Add/Edit/local history/Push tests and Portal persist/Pull/Profile tests pass. FLEET3740 configured Tablet and Portal DBs each have 0 history rows; original selection/payload and physical endpoint unavailable. Integrated endpoint test skipped; physical iPad E2E pending.
annual category	MCB 2021	outlet	categories.mcb.2021	annual category select	No	CustomerProfileFormService categoryOptions(profile, stream)	customer_category_histories(customer_id,profile_type,stream,category_year,category)	Yes	category_histories[].{profile_type,stream=mcb,category_year=2021,category}	canonical option string + stream/year	profile_type/stream supported; year in configured years; category in configured profile/stream options	customer_category_histories(customer_id, profile_type, stream, category_year)	category string in Portal V2 annual-history table; no scalar flattening	ViewCustomer annualCategoryTableState / annual-category-table, keyed by profile stream and year	TabletSyncPayload customer_category_histories -> SyncService upsert by customer/profile/stream/year	COMPLETE	—	—	Tablet CustomerProfileFormService::saveAggregate; SyncService::pushCustomerRecord; Portal SyncController::pushCustomer; CustomerProfileService::saveCategoryStreams; ViewCustomer annual-category-table	Tablet local history keyed by customer/profile/stream/year -> payload preserves dimensions -> Portal CustomerProfileService upsert -> pull upsert by same composite key; preservation regression test covers other year.	NOT_EXERCISED	Static path + Portal regression coverage; other profile/stream normal-flow E2E not run.	OMMC (outlet), Last Mile (outlet), CAR_CLUBS (outlet; extra mapped variant)	OPTIONAL cell; blank history row is omitted.	No required rule; each nonblank category must exist in options for current profile/stream; only applicable streams/years are visited.	Each supplied history row requires integer category_year and string category; profile/stream/year/category must be allowed.	STRUCTURAL_REQUIRED_FIELDS only within a submitted row; OPTIONAL form cell.	Rendered by profile and Entry Detail stream; selection can be blank.	PASS: minimal Add with this optional field blank across supported profile probe (unless activating condition)	PASS: minimal Portal create with optional field absent across supported profile probe (unless activating condition)	Human functional acceptance granted for Customer synchronization and view-alignment scope (2026-10-10). Fleet FLEET3741 Customer Information, Fleet Profile, Owner Profile, and Annual Category values observed in Portal. Row-level evidence and deferred blockers remain distinguished in this matrix and Work note.	OMMC-20261009 isolated feature validation: Portal 30 passed/350 assertions; Tablet 56 passed/426 assertions. Live physical-device/integrated API QA pending.	Last full run: 217 passed, 3 skipped, 6 failed; all six confirmed baseline/outdated expectations: 2 CustomerLocationMap, ExampleTest, 3 FirstLoginPersistence lastError expectations. See mirrored Work note.	CustomerPage.category_histories / Portal annualCategoryTableState(); history remains keyed by Customer/profile/stream/year.	Shared Add/Edit Blade numeric-year binding corrected from invalid dotted JS access to bracket access; local history persistence, Push, Portal upsert/Pull and Profile empty/populated rendering are covered. FLEET3740 configured local stores have no history rows; whether values were selected is unknown.	NEEDS RUNTIME EVIDENCE	Live disposable Portal API test across OMMC, Last Mile, CAR_CLUBS, Fleet, OE, IB verified push acknowledgment, Portal pull values, Tablet pull persistence, and Tablet Customer View for this value family. Detailed row-level destination is documented in code/schema audit; physical iPad and non-test DB remain unverified. | 2026-10-10: Blade now binds numeric year with $wire.categories['stream'][year]; dotted numeric access was invalid JS (Node SyntaxError). Tablet Fleet Add/Edit/local history/Push tests and Portal persist/Pull/Profile tests pass. FLEET3740 configured Tablet and Portal DBs each have 0 history rows; original selection/payload and physical endpoint unavailable. Integrated endpoint test skipped; physical iPad E2E pending.
annual category	MCB 2022	outlet	categories.mcb.2022	annual category select	No	CustomerProfileFormService categoryOptions(profile, stream)	customer_category_histories(customer_id,profile_type,stream,category_year,category)	Yes	category_histories[].{profile_type,stream=mcb,category_year=2022,category}	canonical option string + stream/year	profile_type/stream supported; year in configured years; category in configured profile/stream options	customer_category_histories(customer_id, profile_type, stream, category_year)	category string in Portal V2 annual-history table; no scalar flattening	ViewCustomer annualCategoryTableState / annual-category-table, keyed by profile stream and year	TabletSyncPayload customer_category_histories -> SyncService upsert by customer/profile/stream/year	COMPLETE	—	—	Tablet CustomerProfileFormService::saveAggregate; SyncService::pushCustomerRecord; Portal SyncController::pushCustomer; CustomerProfileService::saveCategoryStreams; ViewCustomer annual-category-table	Tablet local history keyed by customer/profile/stream/year -> payload preserves dimensions -> Portal CustomerProfileService upsert -> pull upsert by same composite key; preservation regression test covers other year.	NOT_EXERCISED	Static path + Portal regression coverage; other profile/stream normal-flow E2E not run.	OMMC (outlet), Last Mile (outlet), CAR_CLUBS (outlet; extra mapped variant)	OPTIONAL cell; blank history row is omitted.	No required rule; each nonblank category must exist in options for current profile/stream; only applicable streams/years are visited.	Each supplied history row requires integer category_year and string category; profile/stream/year/category must be allowed.	STRUCTURAL_REQUIRED_FIELDS only within a submitted row; OPTIONAL form cell.	Rendered by profile and Entry Detail stream; selection can be blank.	PASS: minimal Add with this optional field blank across supported profile probe (unless activating condition)	PASS: minimal Portal create with optional field absent across supported profile probe (unless activating condition)	Human functional acceptance granted for Customer synchronization and view-alignment scope (2026-10-10). Fleet FLEET3741 Customer Information, Fleet Profile, Owner Profile, and Annual Category values observed in Portal. Row-level evidence and deferred blockers remain distinguished in this matrix and Work note.	OMMC-20261009 isolated feature validation: Portal 30 passed/350 assertions; Tablet 56 passed/426 assertions. Live physical-device/integrated API QA pending.	Last full run: 217 passed, 3 skipped, 6 failed; all six confirmed baseline/outdated expectations: 2 CustomerLocationMap, ExampleTest, 3 FirstLoginPersistence lastError expectations. See mirrored Work note.	CustomerPage.category_histories / Portal annualCategoryTableState(); history remains keyed by Customer/profile/stream/year.	Shared Add/Edit Blade numeric-year binding corrected from invalid dotted JS access to bracket access; local history persistence, Push, Portal upsert/Pull and Profile empty/populated rendering are covered. FLEET3740 configured local stores have no history rows; whether values were selected is unknown.	NEEDS RUNTIME EVIDENCE	Live disposable Portal API test across OMMC, Last Mile, CAR_CLUBS, Fleet, OE, IB verified push acknowledgment, Portal pull values, Tablet pull persistence, and Tablet Customer View for this value family. Detailed row-level destination is documented in code/schema audit; physical iPad and non-test DB remain unverified. | 2026-10-10: Blade now binds numeric year with $wire.categories['stream'][year]; dotted numeric access was invalid JS (Node SyntaxError). Tablet Fleet Add/Edit/local history/Push tests and Portal persist/Pull/Profile tests pass. FLEET3740 configured Tablet and Portal DBs each have 0 history rows; original selection/payload and physical endpoint unavailable. Integrated endpoint test skipped; physical iPad E2E pending.
annual category	MCB 2023	outlet	categories.mcb.2023	annual category select	No	CustomerProfileFormService categoryOptions(profile, stream)	customer_category_histories(customer_id,profile_type,stream,category_year,category)	Yes	category_histories[].{profile_type,stream=mcb,category_year=2023,category}	canonical option string + stream/year	profile_type/stream supported; year in configured years; category in configured profile/stream options	customer_category_histories(customer_id, profile_type, stream, category_year)	category string in Portal V2 annual-history table; no scalar flattening	ViewCustomer annualCategoryTableState / annual-category-table, keyed by profile stream and year	TabletSyncPayload customer_category_histories -> SyncService upsert by customer/profile/stream/year	COMPLETE	—	—	Tablet CustomerProfileFormService::saveAggregate; SyncService::pushCustomerRecord; Portal SyncController::pushCustomer; CustomerProfileService::saveCategoryStreams; ViewCustomer annual-category-table	Tablet local history keyed by customer/profile/stream/year -> payload preserves dimensions -> Portal CustomerProfileService upsert -> pull upsert by same composite key; preservation regression test covers other year.	NOT_EXERCISED	Static path + Portal regression coverage; other profile/stream normal-flow E2E not run.	OMMC (outlet), Last Mile (outlet), CAR_CLUBS (outlet; extra mapped variant)	OPTIONAL cell; blank history row is omitted.	No required rule; each nonblank category must exist in options for current profile/stream; only applicable streams/years are visited.	Each supplied history row requires integer category_year and string category; profile/stream/year/category must be allowed.	STRUCTURAL_REQUIRED_FIELDS only within a submitted row; OPTIONAL form cell.	Rendered by profile and Entry Detail stream; selection can be blank.	PASS: minimal Add with this optional field blank across supported profile probe (unless activating condition)	PASS: minimal Portal create with optional field absent across supported profile probe (unless activating condition)	Human functional acceptance granted for Customer synchronization and view-alignment scope (2026-10-10). Fleet FLEET3741 Customer Information, Fleet Profile, Owner Profile, and Annual Category values observed in Portal. Row-level evidence and deferred blockers remain distinguished in this matrix and Work note.	OMMC-20261009 isolated feature validation: Portal 30 passed/350 assertions; Tablet 56 passed/426 assertions. Live physical-device/integrated API QA pending.	Last full run: 217 passed, 3 skipped, 6 failed; all six confirmed baseline/outdated expectations: 2 CustomerLocationMap, ExampleTest, 3 FirstLoginPersistence lastError expectations. See mirrored Work note.	CustomerPage.category_histories / Portal annualCategoryTableState(); history remains keyed by Customer/profile/stream/year.	Shared Add/Edit Blade numeric-year binding corrected from invalid dotted JS access to bracket access; local history persistence, Push, Portal upsert/Pull and Profile empty/populated rendering are covered. FLEET3740 configured local stores have no history rows; whether values were selected is unknown.	NEEDS RUNTIME EVIDENCE	Live disposable Portal API test across OMMC, Last Mile, CAR_CLUBS, Fleet, OE, IB verified push acknowledgment, Portal pull values, Tablet pull persistence, and Tablet Customer View for this value family. Detailed row-level destination is documented in code/schema audit; physical iPad and non-test DB remain unverified. | 2026-10-10: Blade now binds numeric year with $wire.categories['stream'][year]; dotted numeric access was invalid JS (Node SyntaxError). Tablet Fleet Add/Edit/local history/Push tests and Portal persist/Pull/Profile tests pass. FLEET3740 configured Tablet and Portal DBs each have 0 history rows; original selection/payload and physical endpoint unavailable. Integrated endpoint test skipped; physical iPad E2E pending.
annual category	MCB 2024	outlet	categories.mcb.2024	annual category select	No	CustomerProfileFormService categoryOptions(profile, stream)	customer_category_histories(customer_id,profile_type,stream,category_year,category)	Yes	category_histories[].{profile_type,stream=mcb,category_year=2024,category}	canonical option string + stream/year	profile_type/stream supported; year in configured years; category in configured profile/stream options	customer_category_histories(customer_id, profile_type, stream, category_year)	category string in Portal V2 annual-history table; no scalar flattening	ViewCustomer annualCategoryTableState / annual-category-table, keyed by profile stream and year	TabletSyncPayload customer_category_histories -> SyncService upsert by customer/profile/stream/year	COMPLETE	—	—	Tablet CustomerProfileFormService::saveAggregate; SyncService::pushCustomerRecord; Portal SyncController::pushCustomer; CustomerProfileService::saveCategoryStreams; ViewCustomer annual-category-table	Tablet local history keyed by customer/profile/stream/year -> payload preserves dimensions -> Portal CustomerProfileService upsert -> pull upsert by same composite key; preservation regression test covers other year.	NOT_EXERCISED	Static path + Portal regression coverage; other profile/stream normal-flow E2E not run.	OMMC (outlet), Last Mile (outlet), CAR_CLUBS (outlet; extra mapped variant)	OPTIONAL cell; blank history row is omitted.	No required rule; each nonblank category must exist in options for current profile/stream; only applicable streams/years are visited.	Each supplied history row requires integer category_year and string category; profile/stream/year/category must be allowed.	STRUCTURAL_REQUIRED_FIELDS only within a submitted row; OPTIONAL form cell.	Rendered by profile and Entry Detail stream; selection can be blank.	PASS: minimal Add with this optional field blank across supported profile probe (unless activating condition)	PASS: minimal Portal create with optional field absent across supported profile probe (unless activating condition)	Human functional acceptance granted for Customer synchronization and view-alignment scope (2026-10-10). Fleet FLEET3741 Customer Information, Fleet Profile, Owner Profile, and Annual Category values observed in Portal. Row-level evidence and deferred blockers remain distinguished in this matrix and Work note.	OMMC-20261009 isolated feature validation: Portal 30 passed/350 assertions; Tablet 56 passed/426 assertions. Live physical-device/integrated API QA pending.	Last full run: 217 passed, 3 skipped, 6 failed; all six confirmed baseline/outdated expectations: 2 CustomerLocationMap, ExampleTest, 3 FirstLoginPersistence lastError expectations. See mirrored Work note.	CustomerPage.category_histories / Portal annualCategoryTableState(); history remains keyed by Customer/profile/stream/year.	Shared Add/Edit Blade numeric-year binding corrected from invalid dotted JS access to bracket access; local history persistence, Push, Portal upsert/Pull and Profile empty/populated rendering are covered. FLEET3740 configured local stores have no history rows; whether values were selected is unknown.	NEEDS RUNTIME EVIDENCE	Live disposable Portal API test across OMMC, Last Mile, CAR_CLUBS, Fleet, OE, IB verified push acknowledgment, Portal pull values, Tablet pull persistence, and Tablet Customer View for this value family. Detailed row-level destination is documented in code/schema audit; physical iPad and non-test DB remain unverified. | 2026-10-10: Blade now binds numeric year with $wire.categories['stream'][year]; dotted numeric access was invalid JS (Node SyntaxError). Tablet Fleet Add/Edit/local history/Push tests and Portal persist/Pull/Profile tests pass. FLEET3740 configured Tablet and Portal DBs each have 0 history rows; original selection/payload and physical endpoint unavailable. Integrated endpoint test skipped; physical iPad E2E pending.
annual category	MCB 2025	outlet	categories.mcb.2025	annual category select	No	CustomerProfileFormService categoryOptions(profile, stream)	customer_category_histories(customer_id,profile_type,stream,category_year,category)	Yes	category_histories[].{profile_type,stream=mcb,category_year=2025,category}	canonical option string + stream/year	profile_type/stream supported; year in configured years; category in configured profile/stream options	customer_category_histories(customer_id, profile_type, stream, category_year)	category string in Portal V2 annual-history table; no scalar flattening	ViewCustomer annualCategoryTableState / annual-category-table, keyed by profile stream and year	TabletSyncPayload customer_category_histories -> SyncService upsert by customer/profile/stream/year	COMPLETE	—	—	Tablet CustomerProfileFormService::saveAggregate; SyncService::pushCustomerRecord; Portal SyncController::pushCustomer; CustomerProfileService::saveCategoryStreams; ViewCustomer annual-category-table	Tablet local history keyed by customer/profile/stream/year -> payload preserves dimensions -> Portal CustomerProfileService upsert -> pull upsert by same composite key; preservation regression test covers other year.	NOT_EXERCISED	Static path + Portal regression coverage; other profile/stream normal-flow E2E not run.	OMMC (outlet), Last Mile (outlet), CAR_CLUBS (outlet; extra mapped variant)	OPTIONAL cell; blank history row is omitted.	No required rule; each nonblank category must exist in options for current profile/stream; only applicable streams/years are visited.	Each supplied history row requires integer category_year and string category; profile/stream/year/category must be allowed.	STRUCTURAL_REQUIRED_FIELDS only within a submitted row; OPTIONAL form cell.	Rendered by profile and Entry Detail stream; selection can be blank.	PASS: minimal Add with this optional field blank across supported profile probe (unless activating condition)	PASS: minimal Portal create with optional field absent across supported profile probe (unless activating condition)	Human functional acceptance granted for Customer synchronization and view-alignment scope (2026-10-10). Fleet FLEET3741 Customer Information, Fleet Profile, Owner Profile, and Annual Category values observed in Portal. Row-level evidence and deferred blockers remain distinguished in this matrix and Work note.	OMMC-20261009 isolated feature validation: Portal 30 passed/350 assertions; Tablet 56 passed/426 assertions. Live physical-device/integrated API QA pending.	Last full run: 217 passed, 3 skipped, 6 failed; all six confirmed baseline/outdated expectations: 2 CustomerLocationMap, ExampleTest, 3 FirstLoginPersistence lastError expectations. See mirrored Work note.	CustomerPage.category_histories / Portal annualCategoryTableState(); history remains keyed by Customer/profile/stream/year.	Shared Add/Edit Blade numeric-year binding corrected from invalid dotted JS access to bracket access; local history persistence, Push, Portal upsert/Pull and Profile empty/populated rendering are covered. FLEET3740 configured local stores have no history rows; whether values were selected is unknown.	NEEDS RUNTIME EVIDENCE	Live disposable Portal API test across OMMC, Last Mile, CAR_CLUBS, Fleet, OE, IB verified push acknowledgment, Portal pull values, Tablet pull persistence, and Tablet Customer View for this value family. Detailed row-level destination is documented in code/schema audit; physical iPad and non-test DB remain unverified. | 2026-10-10: Blade now binds numeric year with $wire.categories['stream'][year]; dotted numeric access was invalid JS (Node SyntaxError). Tablet Fleet Add/Edit/local history/Push tests and Portal persist/Pull/Profile tests pass. FLEET3740 configured Tablet and Portal DBs each have 0 history rows; original selection/payload and physical endpoint unavailable. Integrated endpoint test skipped; physical iPad E2E pending.
annual category	MCB 2026	outlet	categories.mcb.2026	annual category select	No	CustomerProfileFormService categoryOptions(profile, stream)	customer_category_histories(customer_id,profile_type,stream,category_year,category)	Yes	category_histories[].{profile_type,stream=mcb,category_year=2026,category}	canonical option string + stream/year	profile_type/stream supported; year in configured years; category in configured profile/stream options	customer_category_histories(customer_id, profile_type, stream, category_year)	category string in Portal V2 annual-history table; no scalar flattening	ViewCustomer annualCategoryTableState / annual-category-table, keyed by profile stream and year	TabletSyncPayload customer_category_histories -> SyncService upsert by customer/profile/stream/year	COMPLETE	—	—	Tablet CustomerProfileFormService::saveAggregate; SyncService::pushCustomerRecord; Portal SyncController::pushCustomer; CustomerProfileService::saveCategoryStreams; ViewCustomer annual-category-table	Tablet local history keyed by customer/profile/stream/year -> payload preserves dimensions -> Portal CustomerProfileService upsert -> pull upsert by same composite key; preservation regression test covers other year.	NOT_EXERCISED	Static path + Portal regression coverage; other profile/stream normal-flow E2E not run.	OMMC (outlet), Last Mile (outlet), CAR_CLUBS (outlet; extra mapped variant)	OPTIONAL cell; blank history row is omitted.	No required rule; each nonblank category must exist in options for current profile/stream; only applicable streams/years are visited.	Each supplied history row requires integer category_year and string category; profile/stream/year/category must be allowed.	STRUCTURAL_REQUIRED_FIELDS only within a submitted row; OPTIONAL form cell.	Rendered by profile and Entry Detail stream; selection can be blank.	PASS: minimal Add with this optional field blank across supported profile probe (unless activating condition)	PASS: minimal Portal create with optional field absent across supported profile probe (unless activating condition)	Human functional acceptance granted for Customer synchronization and view-alignment scope (2026-10-10). Fleet FLEET3741 Customer Information, Fleet Profile, Owner Profile, and Annual Category values observed in Portal. Row-level evidence and deferred blockers remain distinguished in this matrix and Work note.	OMMC-20261009 isolated feature validation: Portal 30 passed/350 assertions; Tablet 56 passed/426 assertions. Live physical-device/integrated API QA pending.	Last full run: 217 passed, 3 skipped, 6 failed; all six confirmed baseline/outdated expectations: 2 CustomerLocationMap, ExampleTest, 3 FirstLoginPersistence lastError expectations. See mirrored Work note.	CustomerPage.category_histories / Portal annualCategoryTableState(); history remains keyed by Customer/profile/stream/year.	Shared Add/Edit Blade numeric-year binding corrected from invalid dotted JS access to bracket access; local history persistence, Push, Portal upsert/Pull and Profile empty/populated rendering are covered. FLEET3740 configured local stores have no history rows; whether values were selected is unknown.	NEEDS RUNTIME EVIDENCE	Live disposable Portal API test across OMMC, Last Mile, CAR_CLUBS, Fleet, OE, IB verified push acknowledgment, Portal pull values, Tablet pull persistence, and Tablet Customer View for this value family. Detailed row-level destination is documented in code/schema audit; physical iPad and non-test DB remain unverified. | 2026-10-10: Blade now binds numeric year with $wire.categories['stream'][year]; dotted numeric access was invalid JS (Node SyntaxError). Tablet Fleet Add/Edit/local history/Push tests and Portal persist/Pull/Profile tests pass. FLEET3740 configured Tablet and Portal DBs each have 0 history rows; original selection/payload and physical endpoint unavailable. Integrated endpoint test skipped; physical iPad E2E pending.
annual category	FLEET 2018	fleet	categories.fleet.2018	annual category select	No	CustomerProfileFormService categoryOptions(profile, stream)	customer_category_histories(customer_id,profile_type,stream,category_year,category)	Yes	category_histories[].{profile_type,stream=fleet,category_year=2018,category}	canonical option string + stream/year	profile_type/stream supported; year in configured years; category in configured profile/stream options	customer_category_histories(customer_id, profile_type, stream, category_year)	category string in Portal V2 annual-history table; no scalar flattening	ViewCustomer annualCategoryTableState / annual-category-table, keyed by profile stream and year	TabletSyncPayload customer_category_histories -> SyncService upsert by customer/profile/stream/year	COMPLETE	—	—	Tablet CustomerProfileFormService::saveAggregate; SyncService::pushCustomerRecord; Portal SyncController::pushCustomer; CustomerProfileService::saveCategoryStreams; ViewCustomer annual-category-table	Tablet local history keyed by customer/profile/stream/year -> payload preserves dimensions -> Portal CustomerProfileService upsert -> pull upsert by same composite key; preservation regression test covers other year.	NOT_EXERCISED	Static path + Portal regression coverage; other profile/stream normal-flow E2E not run. | Human QA 2026-10-10: FLEET3741 Annual Category values now populated in Portal; exact rows/values were not captured in the report. Earlier FLEET3740 has no history in configured local DBs and is not used to infer values.	Fleet (fleet)	OPTIONAL cell; blank history row is omitted.	No required rule; each nonblank category must exist in options for current profile/stream; only applicable streams/years are visited.	Each supplied history row requires integer category_year and string category; profile/stream/year/category must be allowed.	STRUCTURAL_REQUIRED_FIELDS only within a submitted row; OPTIONAL form cell.	Rendered by profile and Entry Detail stream; selection can be blank.	PASS: minimal Add with this optional field blank across supported profile probe (unless activating condition)	PASS: minimal Portal create with optional field absent across supported profile probe (unless activating condition)	Human functional acceptance granted for Customer synchronization and view-alignment scope (2026-10-10). Fleet FLEET3741 Customer Information, Fleet Profile, Owner Profile, and Annual Category values observed in Portal. Row-level evidence and deferred blockers remain distinguished in this matrix and Work note.	OMMC-20261009 isolated feature validation: Portal 30 passed/350 assertions; Tablet 56 passed/426 assertions. Live physical-device/integrated API QA pending.	Last full run: 217 passed, 3 skipped, 6 failed; all six confirmed baseline/outdated expectations: 2 CustomerLocationMap, ExampleTest, 3 FirstLoginPersistence lastError expectations. See mirrored Work note.	CustomerPage.category_histories / Portal annualCategoryTableState(); history remains keyed by Customer/profile/stream/year.	Shared Add/Edit Blade numeric-year binding corrected from invalid dotted JS access to bracket access; local history persistence, Push, Portal upsert/Pull and Profile empty/populated rendering are covered. FLEET3740 configured local stores have no history rows; whether values were selected is unknown.	NEEDS RUNTIME EVIDENCE	Live disposable Portal API test across OMMC, Last Mile, CAR_CLUBS, Fleet, OE, IB verified push acknowledgment, Portal pull values, Tablet pull persistence, and Tablet Customer View for this value family. Detailed row-level destination is documented in code/schema audit; physical iPad and non-test DB remain unverified. | 2026-10-10: Blade now binds numeric year with $wire.categories['stream'][year]; dotted numeric access was invalid JS (Node SyntaxError). Tablet Fleet Add/Edit/local history/Push tests and Portal persist/Pull/Profile tests pass. FLEET3740 configured Tablet and Portal DBs each have 0 history rows; original selection/payload and physical endpoint unavailable. Integrated endpoint test skipped; physical iPad E2E pending. | Human functional acceptance: FLEET3741 annual values observed in Portal (2026-10-10); row-level/year values not captured.
annual category	FLEET 2019	fleet	categories.fleet.2019	annual category select	No	CustomerProfileFormService categoryOptions(profile, stream)	customer_category_histories(customer_id,profile_type,stream,category_year,category)	Yes	category_histories[].{profile_type,stream=fleet,category_year=2019,category}	canonical option string + stream/year	profile_type/stream supported; year in configured years; category in configured profile/stream options	customer_category_histories(customer_id, profile_type, stream, category_year)	category string in Portal V2 annual-history table; no scalar flattening	ViewCustomer annualCategoryTableState / annual-category-table, keyed by profile stream and year	TabletSyncPayload customer_category_histories -> SyncService upsert by customer/profile/stream/year	COMPLETE	—	—	Tablet CustomerProfileFormService::saveAggregate; SyncService::pushCustomerRecord; Portal SyncController::pushCustomer; CustomerProfileService::saveCategoryStreams; ViewCustomer annual-category-table	Tablet local history keyed by customer/profile/stream/year -> payload preserves dimensions -> Portal CustomerProfileService upsert -> pull upsert by same composite key; preservation regression test covers other year.	NOT_EXERCISED	Static path + Portal regression coverage; other profile/stream normal-flow E2E not run. | Human QA 2026-10-10: FLEET3741 Annual Category values now populated in Portal; exact rows/values were not captured in the report. Earlier FLEET3740 has no history in configured local DBs and is not used to infer values.	Fleet (fleet)	OPTIONAL cell; blank history row is omitted.	No required rule; each nonblank category must exist in options for current profile/stream; only applicable streams/years are visited.	Each supplied history row requires integer category_year and string category; profile/stream/year/category must be allowed.	STRUCTURAL_REQUIRED_FIELDS only within a submitted row; OPTIONAL form cell.	Rendered by profile and Entry Detail stream; selection can be blank.	PASS: minimal Add with this optional field blank across supported profile probe (unless activating condition)	PASS: minimal Portal create with optional field absent across supported profile probe (unless activating condition)	Human functional acceptance granted for Customer synchronization and view-alignment scope (2026-10-10). Fleet FLEET3741 Customer Information, Fleet Profile, Owner Profile, and Annual Category values observed in Portal. Row-level evidence and deferred blockers remain distinguished in this matrix and Work note.	OMMC-20261009 isolated feature validation: Portal 30 passed/350 assertions; Tablet 56 passed/426 assertions. Live physical-device/integrated API QA pending.	Last full run: 217 passed, 3 skipped, 6 failed; all six confirmed baseline/outdated expectations: 2 CustomerLocationMap, ExampleTest, 3 FirstLoginPersistence lastError expectations. See mirrored Work note.	CustomerPage.category_histories / Portal annualCategoryTableState(); history remains keyed by Customer/profile/stream/year.	Shared Add/Edit Blade numeric-year binding corrected from invalid dotted JS access to bracket access; local history persistence, Push, Portal upsert/Pull and Profile empty/populated rendering are covered. FLEET3740 configured local stores have no history rows; whether values were selected is unknown.	NEEDS RUNTIME EVIDENCE	Live disposable Portal API test across OMMC, Last Mile, CAR_CLUBS, Fleet, OE, IB verified push acknowledgment, Portal pull values, Tablet pull persistence, and Tablet Customer View for this value family. Detailed row-level destination is documented in code/schema audit; physical iPad and non-test DB remain unverified. | 2026-10-10: Blade now binds numeric year with $wire.categories['stream'][year]; dotted numeric access was invalid JS (Node SyntaxError). Tablet Fleet Add/Edit/local history/Push tests and Portal persist/Pull/Profile tests pass. FLEET3740 configured Tablet and Portal DBs each have 0 history rows; original selection/payload and physical endpoint unavailable. Integrated endpoint test skipped; physical iPad E2E pending. | Human functional acceptance: FLEET3741 annual values observed in Portal (2026-10-10); row-level/year values not captured.
annual category	FLEET 2020	fleet	categories.fleet.2020	annual category select	No	CustomerProfileFormService categoryOptions(profile, stream)	customer_category_histories(customer_id,profile_type,stream,category_year,category)	Yes	category_histories[].{profile_type,stream=fleet,category_year=2020,category}	canonical option string + stream/year	profile_type/stream supported; year in configured years; category in configured profile/stream options	customer_category_histories(customer_id, profile_type, stream, category_year)	category string in Portal V2 annual-history table; no scalar flattening	ViewCustomer annualCategoryTableState / annual-category-table, keyed by profile stream and year	TabletSyncPayload customer_category_histories -> SyncService upsert by customer/profile/stream/year	COMPLETE	—	—	Tablet CustomerProfileFormService::saveAggregate; SyncService::pushCustomerRecord; Portal SyncController::pushCustomer; CustomerProfileService::saveCategoryStreams; ViewCustomer annual-category-table	Tablet local history keyed by customer/profile/stream/year -> payload preserves dimensions -> Portal CustomerProfileService upsert -> pull upsert by same composite key; preservation regression test covers other year.	NOT_EXERCISED	Static path + Portal regression coverage; other profile/stream normal-flow E2E not run. | Human QA 2026-10-10: FLEET3741 Annual Category values now populated in Portal; exact rows/values were not captured in the report. Earlier FLEET3740 has no history in configured local DBs and is not used to infer values.	Fleet (fleet)	OPTIONAL cell; blank history row is omitted.	No required rule; each nonblank category must exist in options for current profile/stream; only applicable streams/years are visited.	Each supplied history row requires integer category_year and string category; profile/stream/year/category must be allowed.	STRUCTURAL_REQUIRED_FIELDS only within a submitted row; OPTIONAL form cell.	Rendered by profile and Entry Detail stream; selection can be blank.	PASS: minimal Add with this optional field blank across supported profile probe (unless activating condition)	PASS: minimal Portal create with optional field absent across supported profile probe (unless activating condition)	Human functional acceptance granted for Customer synchronization and view-alignment scope (2026-10-10). Fleet FLEET3741 Customer Information, Fleet Profile, Owner Profile, and Annual Category values observed in Portal. Row-level evidence and deferred blockers remain distinguished in this matrix and Work note.	OMMC-20261009 isolated feature validation: Portal 30 passed/350 assertions; Tablet 56 passed/426 assertions. Live physical-device/integrated API QA pending.	Last full run: 217 passed, 3 skipped, 6 failed; all six confirmed baseline/outdated expectations: 2 CustomerLocationMap, ExampleTest, 3 FirstLoginPersistence lastError expectations. See mirrored Work note.	CustomerPage.category_histories / Portal annualCategoryTableState(); history remains keyed by Customer/profile/stream/year.	Shared Add/Edit Blade numeric-year binding corrected from invalid dotted JS access to bracket access; local history persistence, Push, Portal upsert/Pull and Profile empty/populated rendering are covered. FLEET3740 configured local stores have no history rows; whether values were selected is unknown.	NEEDS RUNTIME EVIDENCE	Live disposable Portal API test across OMMC, Last Mile, CAR_CLUBS, Fleet, OE, IB verified push acknowledgment, Portal pull values, Tablet pull persistence, and Tablet Customer View for this value family. Detailed row-level destination is documented in code/schema audit; physical iPad and non-test DB remain unverified. | 2026-10-10: Blade now binds numeric year with $wire.categories['stream'][year]; dotted numeric access was invalid JS (Node SyntaxError). Tablet Fleet Add/Edit/local history/Push tests and Portal persist/Pull/Profile tests pass. FLEET3740 configured Tablet and Portal DBs each have 0 history rows; original selection/payload and physical endpoint unavailable. Integrated endpoint test skipped; physical iPad E2E pending. | Human functional acceptance: FLEET3741 annual values observed in Portal (2026-10-10); row-level/year values not captured.
annual category	FLEET 2021	fleet	categories.fleet.2021	annual category select	No	CustomerProfileFormService categoryOptions(profile, stream)	customer_category_histories(customer_id,profile_type,stream,category_year,category)	Yes	category_histories[].{profile_type,stream=fleet,category_year=2021,category}	canonical option string + stream/year	profile_type/stream supported; year in configured years; category in configured profile/stream options	customer_category_histories(customer_id, profile_type, stream, category_year)	category string in Portal V2 annual-history table; no scalar flattening	ViewCustomer annualCategoryTableState / annual-category-table, keyed by profile stream and year	TabletSyncPayload customer_category_histories -> SyncService upsert by customer/profile/stream/year	COMPLETE	—	—	Tablet CustomerProfileFormService::saveAggregate; SyncService::pushCustomerRecord; Portal SyncController::pushCustomer; CustomerProfileService::saveCategoryStreams; ViewCustomer annual-category-table	Tablet local history keyed by customer/profile/stream/year -> payload preserves dimensions -> Portal CustomerProfileService upsert -> pull upsert by same composite key; preservation regression test covers other year.	NOT_EXERCISED	Static path + Portal regression coverage; other profile/stream normal-flow E2E not run. | Human QA 2026-10-10: FLEET3741 Annual Category values now populated in Portal; exact rows/values were not captured in the report. Earlier FLEET3740 has no history in configured local DBs and is not used to infer values.	Fleet (fleet)	OPTIONAL cell; blank history row is omitted.	No required rule; each nonblank category must exist in options for current profile/stream; only applicable streams/years are visited.	Each supplied history row requires integer category_year and string category; profile/stream/year/category must be allowed.	STRUCTURAL_REQUIRED_FIELDS only within a submitted row; OPTIONAL form cell.	Rendered by profile and Entry Detail stream; selection can be blank.	PASS: minimal Add with this optional field blank across supported profile probe (unless activating condition)	PASS: minimal Portal create with optional field absent across supported profile probe (unless activating condition)	Human functional acceptance granted for Customer synchronization and view-alignment scope (2026-10-10). Fleet FLEET3741 Customer Information, Fleet Profile, Owner Profile, and Annual Category values observed in Portal. Row-level evidence and deferred blockers remain distinguished in this matrix and Work note.	OMMC-20261009 isolated feature validation: Portal 30 passed/350 assertions; Tablet 56 passed/426 assertions. Live physical-device/integrated API QA pending.	Last full run: 217 passed, 3 skipped, 6 failed; all six confirmed baseline/outdated expectations: 2 CustomerLocationMap, ExampleTest, 3 FirstLoginPersistence lastError expectations. See mirrored Work note.	CustomerPage.category_histories / Portal annualCategoryTableState(); history remains keyed by Customer/profile/stream/year.	Shared Add/Edit Blade numeric-year binding corrected from invalid dotted JS access to bracket access; local history persistence, Push, Portal upsert/Pull and Profile empty/populated rendering are covered. FLEET3740 configured local stores have no history rows; whether values were selected is unknown.	NEEDS RUNTIME EVIDENCE	Live disposable Portal API test across OMMC, Last Mile, CAR_CLUBS, Fleet, OE, IB verified push acknowledgment, Portal pull values, Tablet pull persistence, and Tablet Customer View for this value family. Detailed row-level destination is documented in code/schema audit; physical iPad and non-test DB remain unverified. | 2026-10-10: Blade now binds numeric year with $wire.categories['stream'][year]; dotted numeric access was invalid JS (Node SyntaxError). Tablet Fleet Add/Edit/local history/Push tests and Portal persist/Pull/Profile tests pass. FLEET3740 configured Tablet and Portal DBs each have 0 history rows; original selection/payload and physical endpoint unavailable. Integrated endpoint test skipped; physical iPad E2E pending. | Human functional acceptance: FLEET3741 annual values observed in Portal (2026-10-10); row-level/year values not captured.
annual category	FLEET 2022	fleet	categories.fleet.2022	annual category select	No	CustomerProfileFormService categoryOptions(profile, stream)	customer_category_histories(customer_id,profile_type,stream,category_year,category)	Yes	category_histories[].{profile_type,stream=fleet,category_year=2022,category}	canonical option string + stream/year	profile_type/stream supported; year in configured years; category in configured profile/stream options	customer_category_histories(customer_id, profile_type, stream, category_year)	category string in Portal V2 annual-history table; no scalar flattening	ViewCustomer annualCategoryTableState / annual-category-table, keyed by profile stream and year	TabletSyncPayload customer_category_histories -> SyncService upsert by customer/profile/stream/year	COMPLETE	—	—	Tablet CustomerProfileFormService::saveAggregate; SyncService::pushCustomerRecord; Portal SyncController::pushCustomer; CustomerProfileService::saveCategoryStreams; ViewCustomer annual-category-table	Tablet local history keyed by customer/profile/stream/year -> payload preserves dimensions -> Portal CustomerProfileService upsert -> pull upsert by same composite key; preservation regression test covers other year.	NOT_EXERCISED	Static path + Portal regression coverage; other profile/stream normal-flow E2E not run. | Human QA 2026-10-10: FLEET3741 Annual Category values now populated in Portal; exact rows/values were not captured in the report. Earlier FLEET3740 has no history in configured local DBs and is not used to infer values.	Fleet (fleet)	OPTIONAL cell; blank history row is omitted.	No required rule; each nonblank category must exist in options for current profile/stream; only applicable streams/years are visited.	Each supplied history row requires integer category_year and string category; profile/stream/year/category must be allowed.	STRUCTURAL_REQUIRED_FIELDS only within a submitted row; OPTIONAL form cell.	Rendered by profile and Entry Detail stream; selection can be blank.	PASS: minimal Add with this optional field blank across supported profile probe (unless activating condition)	PASS: minimal Portal create with optional field absent across supported profile probe (unless activating condition)	Human functional acceptance granted for Customer synchronization and view-alignment scope (2026-10-10). Fleet FLEET3741 Customer Information, Fleet Profile, Owner Profile, and Annual Category values observed in Portal. Row-level evidence and deferred blockers remain distinguished in this matrix and Work note.	OMMC-20261009 isolated feature validation: Portal 30 passed/350 assertions; Tablet 56 passed/426 assertions. Live physical-device/integrated API QA pending.	Last full run: 217 passed, 3 skipped, 6 failed; all six confirmed baseline/outdated expectations: 2 CustomerLocationMap, ExampleTest, 3 FirstLoginPersistence lastError expectations. See mirrored Work note.	CustomerPage.category_histories / Portal annualCategoryTableState(); history remains keyed by Customer/profile/stream/year.	Shared Add/Edit Blade numeric-year binding corrected from invalid dotted JS access to bracket access; local history persistence, Push, Portal upsert/Pull and Profile empty/populated rendering are covered. FLEET3740 configured local stores have no history rows; whether values were selected is unknown.	NEEDS RUNTIME EVIDENCE	Live disposable Portal API test across OMMC, Last Mile, CAR_CLUBS, Fleet, OE, IB verified push acknowledgment, Portal pull values, Tablet pull persistence, and Tablet Customer View for this value family. Detailed row-level destination is documented in code/schema audit; physical iPad and non-test DB remain unverified. | 2026-10-10: Blade now binds numeric year with $wire.categories['stream'][year]; dotted numeric access was invalid JS (Node SyntaxError). Tablet Fleet Add/Edit/local history/Push tests and Portal persist/Pull/Profile tests pass. FLEET3740 configured Tablet and Portal DBs each have 0 history rows; original selection/payload and physical endpoint unavailable. Integrated endpoint test skipped; physical iPad E2E pending. | Human functional acceptance: FLEET3741 annual values observed in Portal (2026-10-10); row-level/year values not captured.
annual category	FLEET 2023	fleet	categories.fleet.2023	annual category select	No	CustomerProfileFormService categoryOptions(profile, stream)	customer_category_histories(customer_id,profile_type,stream,category_year,category)	Yes	category_histories[].{profile_type,stream=fleet,category_year=2023,category}	canonical option string + stream/year	profile_type/stream supported; year in configured years; category in configured profile/stream options	customer_category_histories(customer_id, profile_type, stream, category_year)	category string in Portal V2 annual-history table; no scalar flattening	ViewCustomer annualCategoryTableState / annual-category-table, keyed by profile stream and year	TabletSyncPayload customer_category_histories -> SyncService upsert by customer/profile/stream/year	COMPLETE	—	—	Tablet CustomerProfileFormService::saveAggregate; SyncService::pushCustomerRecord; Portal SyncController::pushCustomer; CustomerProfileService::saveCategoryStreams; ViewCustomer annual-category-table	Tablet local history keyed by customer/profile/stream/year -> payload preserves dimensions -> Portal CustomerProfileService upsert -> pull upsert by same composite key; preservation regression test covers other year.	NOT_EXERCISED	Static path + Portal regression coverage; other profile/stream normal-flow E2E not run. | Human QA 2026-10-10: FLEET3741 Annual Category values now populated in Portal; exact rows/values were not captured in the report. Earlier FLEET3740 has no history in configured local DBs and is not used to infer values.	Fleet (fleet)	OPTIONAL cell; blank history row is omitted.	No required rule; each nonblank category must exist in options for current profile/stream; only applicable streams/years are visited.	Each supplied history row requires integer category_year and string category; profile/stream/year/category must be allowed.	STRUCTURAL_REQUIRED_FIELDS only within a submitted row; OPTIONAL form cell.	Rendered by profile and Entry Detail stream; selection can be blank.	PASS: minimal Add with this optional field blank across supported profile probe (unless activating condition)	PASS: minimal Portal create with optional field absent across supported profile probe (unless activating condition)	Human functional acceptance granted for Customer synchronization and view-alignment scope (2026-10-10). Fleet FLEET3741 Customer Information, Fleet Profile, Owner Profile, and Annual Category values observed in Portal. Row-level evidence and deferred blockers remain distinguished in this matrix and Work note.	OMMC-20261009 isolated feature validation: Portal 30 passed/350 assertions; Tablet 56 passed/426 assertions. Live physical-device/integrated API QA pending.	Last full run: 217 passed, 3 skipped, 6 failed; all six confirmed baseline/outdated expectations: 2 CustomerLocationMap, ExampleTest, 3 FirstLoginPersistence lastError expectations. See mirrored Work note.	CustomerPage.category_histories / Portal annualCategoryTableState(); history remains keyed by Customer/profile/stream/year.	Shared Add/Edit Blade numeric-year binding corrected from invalid dotted JS access to bracket access; local history persistence, Push, Portal upsert/Pull and Profile empty/populated rendering are covered. FLEET3740 configured local stores have no history rows; whether values were selected is unknown.	NEEDS RUNTIME EVIDENCE	Live disposable Portal API test across OMMC, Last Mile, CAR_CLUBS, Fleet, OE, IB verified push acknowledgment, Portal pull values, Tablet pull persistence, and Tablet Customer View for this value family. Detailed row-level destination is documented in code/schema audit; physical iPad and non-test DB remain unverified. | 2026-10-10: Blade now binds numeric year with $wire.categories['stream'][year]; dotted numeric access was invalid JS (Node SyntaxError). Tablet Fleet Add/Edit/local history/Push tests and Portal persist/Pull/Profile tests pass. FLEET3740 configured Tablet and Portal DBs each have 0 history rows; original selection/payload and physical endpoint unavailable. Integrated endpoint test skipped; physical iPad E2E pending. | Human functional acceptance: FLEET3741 annual values observed in Portal (2026-10-10); row-level/year values not captured.
annual category	FLEET 2024	fleet	categories.fleet.2024	annual category select	No	CustomerProfileFormService categoryOptions(profile, stream)	customer_category_histories(customer_id,profile_type,stream,category_year,category)	Yes	category_histories[].{profile_type,stream=fleet,category_year=2024,category}	canonical option string + stream/year	profile_type/stream supported; year in configured years; category in configured profile/stream options	customer_category_histories(customer_id, profile_type, stream, category_year)	category string in Portal V2 annual-history table; no scalar flattening	ViewCustomer annualCategoryTableState / annual-category-table, keyed by profile stream and year	TabletSyncPayload customer_category_histories -> SyncService upsert by customer/profile/stream/year	COMPLETE	—	—	Tablet CustomerProfileFormService::saveAggregate; SyncService::pushCustomerRecord; Portal SyncController::pushCustomer; CustomerProfileService::saveCategoryStreams; ViewCustomer annual-category-table	Tablet local history keyed by customer/profile/stream/year -> payload preserves dimensions -> Portal CustomerProfileService upsert -> pull upsert by same composite key; preservation regression test covers other year.	NOT_EXERCISED	Static path + Portal regression coverage; other profile/stream normal-flow E2E not run. | Human QA 2026-10-10: FLEET3741 Annual Category values now populated in Portal; exact rows/values were not captured in the report. Earlier FLEET3740 has no history in configured local DBs and is not used to infer values.	Fleet (fleet)	OPTIONAL cell; blank history row is omitted.	No required rule; each nonblank category must exist in options for current profile/stream; only applicable streams/years are visited.	Each supplied history row requires integer category_year and string category; profile/stream/year/category must be allowed.	STRUCTURAL_REQUIRED_FIELDS only within a submitted row; OPTIONAL form cell.	Rendered by profile and Entry Detail stream; selection can be blank.	PASS: minimal Add with this optional field blank across supported profile probe (unless activating condition)	PASS: minimal Portal create with optional field absent across supported profile probe (unless activating condition)	Human functional acceptance granted for Customer synchronization and view-alignment scope (2026-10-10). Fleet FLEET3741 Customer Information, Fleet Profile, Owner Profile, and Annual Category values observed in Portal. Row-level evidence and deferred blockers remain distinguished in this matrix and Work note.	OMMC-20261009 isolated feature validation: Portal 30 passed/350 assertions; Tablet 56 passed/426 assertions. Live physical-device/integrated API QA pending.	Last full run: 217 passed, 3 skipped, 6 failed; all six confirmed baseline/outdated expectations: 2 CustomerLocationMap, ExampleTest, 3 FirstLoginPersistence lastError expectations. See mirrored Work note.	CustomerPage.category_histories / Portal annualCategoryTableState(); history remains keyed by Customer/profile/stream/year.	Shared Add/Edit Blade numeric-year binding corrected from invalid dotted JS access to bracket access; local history persistence, Push, Portal upsert/Pull and Profile empty/populated rendering are covered. FLEET3740 configured local stores have no history rows; whether values were selected is unknown.	NEEDS RUNTIME EVIDENCE	Live disposable Portal API test across OMMC, Last Mile, CAR_CLUBS, Fleet, OE, IB verified push acknowledgment, Portal pull values, Tablet pull persistence, and Tablet Customer View for this value family. Detailed row-level destination is documented in code/schema audit; physical iPad and non-test DB remain unverified. | 2026-10-10: Blade now binds numeric year with $wire.categories['stream'][year]; dotted numeric access was invalid JS (Node SyntaxError). Tablet Fleet Add/Edit/local history/Push tests and Portal persist/Pull/Profile tests pass. FLEET3740 configured Tablet and Portal DBs each have 0 history rows; original selection/payload and physical endpoint unavailable. Integrated endpoint test skipped; physical iPad E2E pending. | Human functional acceptance: FLEET3741 annual values observed in Portal (2026-10-10); row-level/year values not captured.
annual category	FLEET 2025	fleet	categories.fleet.2025	annual category select	No	CustomerProfileFormService categoryOptions(profile, stream)	customer_category_histories(customer_id,profile_type,stream,category_year,category)	Yes	category_histories[].{profile_type,stream=fleet,category_year=2025,category}	canonical option string + stream/year	profile_type/stream supported; year in configured years; category in configured profile/stream options	customer_category_histories(customer_id, profile_type, stream, category_year)	category string in Portal V2 annual-history table; no scalar flattening	ViewCustomer annualCategoryTableState / annual-category-table, keyed by profile stream and year	TabletSyncPayload customer_category_histories -> SyncService upsert by customer/profile/stream/year	COMPLETE	—	—	Tablet CustomerProfileFormService::saveAggregate; SyncService::pushCustomerRecord; Portal SyncController::pushCustomer; CustomerProfileService::saveCategoryStreams; ViewCustomer annual-category-table	Tablet local history keyed by customer/profile/stream/year -> payload preserves dimensions -> Portal CustomerProfileService upsert -> pull upsert by same composite key; preservation regression test covers other year.	NOT_EXERCISED	Static path + Portal regression coverage; other profile/stream normal-flow E2E not run. | Human QA 2026-10-10: FLEET3741 Annual Category values now populated in Portal; exact rows/values were not captured in the report. Earlier FLEET3740 has no history in configured local DBs and is not used to infer values.	Fleet (fleet)	OPTIONAL cell; blank history row is omitted.	No required rule; each nonblank category must exist in options for current profile/stream; only applicable streams/years are visited.	Each supplied history row requires integer category_year and string category; profile/stream/year/category must be allowed.	STRUCTURAL_REQUIRED_FIELDS only within a submitted row; OPTIONAL form cell.	Rendered by profile and Entry Detail stream; selection can be blank.	PASS: minimal Add with this optional field blank across supported profile probe (unless activating condition)	PASS: minimal Portal create with optional field absent across supported profile probe (unless activating condition)	Human functional acceptance granted for Customer synchronization and view-alignment scope (2026-10-10). Fleet FLEET3741 Customer Information, Fleet Profile, Owner Profile, and Annual Category values observed in Portal. Row-level evidence and deferred blockers remain distinguished in this matrix and Work note.	OMMC-20261009 isolated feature validation: Portal 30 passed/350 assertions; Tablet 56 passed/426 assertions. Live physical-device/integrated API QA pending.	Last full run: 217 passed, 3 skipped, 6 failed; all six confirmed baseline/outdated expectations: 2 CustomerLocationMap, ExampleTest, 3 FirstLoginPersistence lastError expectations. See mirrored Work note.	CustomerPage.category_histories / Portal annualCategoryTableState(); history remains keyed by Customer/profile/stream/year.	Shared Add/Edit Blade numeric-year binding corrected from invalid dotted JS access to bracket access; local history persistence, Push, Portal upsert/Pull and Profile empty/populated rendering are covered. FLEET3740 configured local stores have no history rows; whether values were selected is unknown.	NEEDS RUNTIME EVIDENCE	Live disposable Portal API test across OMMC, Last Mile, CAR_CLUBS, Fleet, OE, IB verified push acknowledgment, Portal pull values, Tablet pull persistence, and Tablet Customer View for this value family. Detailed row-level destination is documented in code/schema audit; physical iPad and non-test DB remain unverified. | 2026-10-10: Blade now binds numeric year with $wire.categories['stream'][year]; dotted numeric access was invalid JS (Node SyntaxError). Tablet Fleet Add/Edit/local history/Push tests and Portal persist/Pull/Profile tests pass. FLEET3740 configured Tablet and Portal DBs each have 0 history rows; original selection/payload and physical endpoint unavailable. Integrated endpoint test skipped; physical iPad E2E pending. | Human functional acceptance: FLEET3741 annual values observed in Portal (2026-10-10); row-level/year values not captured.
annual category	FLEET 2026	fleet	categories.fleet.2026	annual category select	No	CustomerProfileFormService categoryOptions(profile, stream)	customer_category_histories(customer_id,profile_type,stream,category_year,category)	Yes	category_histories[].{profile_type,stream=fleet,category_year=2026,category}	canonical option string + stream/year	profile_type/stream supported; year in configured years; category in configured profile/stream options	customer_category_histories(customer_id, profile_type, stream, category_year)	category string in Portal V2 annual-history table; no scalar flattening	ViewCustomer annualCategoryTableState / annual-category-table, keyed by profile stream and year	TabletSyncPayload customer_category_histories -> SyncService upsert by customer/profile/stream/year	COMPLETE	—	—	Tablet CustomerProfileFormService::saveAggregate; SyncService::pushCustomerRecord; Portal SyncController::pushCustomer; CustomerProfileService::saveCategoryStreams; ViewCustomer annual-category-table	Tablet local history keyed by customer/profile/stream/year -> payload preserves dimensions -> Portal CustomerProfileService upsert -> pull upsert by same composite key; preservation regression test covers other year.	NOT_EXERCISED	Static path + Portal regression coverage; other profile/stream normal-flow E2E not run. | Human QA 2026-10-10: FLEET3741 Annual Category values now populated in Portal; exact rows/values were not captured in the report. Earlier FLEET3740 has no history in configured local DBs and is not used to infer values.	Fleet (fleet)	OPTIONAL cell; blank history row is omitted.	No required rule; each nonblank category must exist in options for current profile/stream; only applicable streams/years are visited.	Each supplied history row requires integer category_year and string category; profile/stream/year/category must be allowed.	STRUCTURAL_REQUIRED_FIELDS only within a submitted row; OPTIONAL form cell.	Rendered by profile and Entry Detail stream; selection can be blank.	PASS: minimal Add with this optional field blank across supported profile probe (unless activating condition)	PASS: minimal Portal create with optional field absent across supported profile probe (unless activating condition)	Human functional acceptance granted for Customer synchronization and view-alignment scope (2026-10-10). Fleet FLEET3741 Customer Information, Fleet Profile, Owner Profile, and Annual Category values observed in Portal. Row-level evidence and deferred blockers remain distinguished in this matrix and Work note.	OMMC-20261009 isolated feature validation: Portal 30 passed/350 assertions; Tablet 56 passed/426 assertions. Live physical-device/integrated API QA pending.	Last full run: 217 passed, 3 skipped, 6 failed; all six confirmed baseline/outdated expectations: 2 CustomerLocationMap, ExampleTest, 3 FirstLoginPersistence lastError expectations. See mirrored Work note.	CustomerPage.category_histories / Portal annualCategoryTableState(); history remains keyed by Customer/profile/stream/year.	Shared Add/Edit Blade numeric-year binding corrected from invalid dotted JS access to bracket access; local history persistence, Push, Portal upsert/Pull and Profile empty/populated rendering are covered. FLEET3740 configured local stores have no history rows; whether values were selected is unknown.	NEEDS RUNTIME EVIDENCE	Live disposable Portal API test across OMMC, Last Mile, CAR_CLUBS, Fleet, OE, IB verified push acknowledgment, Portal pull values, Tablet pull persistence, and Tablet Customer View for this value family. Detailed row-level destination is documented in code/schema audit; physical iPad and non-test DB remain unverified. | 2026-10-10: Blade now binds numeric year with $wire.categories['stream'][year]; dotted numeric access was invalid JS (Node SyntaxError). Tablet Fleet Add/Edit/local history/Push tests and Portal persist/Pull/Profile tests pass. FLEET3740 configured Tablet and Portal DBs each have 0 history rows; original selection/payload and physical endpoint unavailable. Integrated endpoint test skipped; physical iPad E2E pending. | Human functional acceptance: FLEET3741 annual values observed in Portal (2026-10-10); row-level/year values not captured.
annual category	OE 2018	oe	categories.oe.2018	annual category select	No	CustomerProfileFormService categoryOptions(profile, stream)	customer_category_histories(customer_id,profile_type,stream,category_year,category)	Yes	category_histories[].{profile_type,stream=oe,category_year=2018,category}	canonical option string + stream/year	profile_type/stream supported; year in configured years; category in configured profile/stream options	customer_category_histories(customer_id, profile_type, stream, category_year)	category string in Portal V2 annual-history table; no scalar flattening	ViewCustomer annualCategoryTableState / annual-category-table, keyed by profile stream and year	TabletSyncPayload customer_category_histories -> SyncService upsert by customer/profile/stream/year	COMPLETE	—	—	Tablet CustomerProfileFormService::saveAggregate; SyncService::pushCustomerRecord; Portal SyncController::pushCustomer; CustomerProfileService::saveCategoryStreams; ViewCustomer annual-category-table	Tablet local history keyed by customer/profile/stream/year -> payload preserves dimensions -> Portal CustomerProfileService upsert -> pull upsert by same composite key; preservation regression test covers other year.	NOT_EXERCISED	Static path + Portal regression coverage; other profile/stream normal-flow E2E not run.	OE (oe)	OPTIONAL cell; blank history row is omitted.	No required rule; each nonblank category must exist in options for current profile/stream; only applicable streams/years are visited.	Each supplied history row requires integer category_year and string category; profile/stream/year/category must be allowed.	STRUCTURAL_REQUIRED_FIELDS only within a submitted row; OPTIONAL form cell.	Rendered by profile and Entry Detail stream; selection can be blank.	PASS: minimal Add with this optional field blank across supported profile probe (unless activating condition)	PASS: minimal Portal create with optional field absent across supported profile probe (unless activating condition)	Human functional acceptance granted for Customer synchronization and view-alignment scope (2026-10-10). Fleet FLEET3741 Customer Information, Fleet Profile, Owner Profile, and Annual Category values observed in Portal. Row-level evidence and deferred blockers remain distinguished in this matrix and Work note.	OMMC-20261009 isolated feature validation: Portal 30 passed/350 assertions; Tablet 56 passed/426 assertions. Live physical-device/integrated API QA pending.	Last full run: 217 passed, 3 skipped, 6 failed; all six confirmed baseline/outdated expectations: 2 CustomerLocationMap, ExampleTest, 3 FirstLoginPersistence lastError expectations. See mirrored Work note.	CustomerPage.category_histories / Portal annualCategoryTableState(); history remains keyed by Customer/profile/stream/year.	Shared Add/Edit Blade numeric-year binding corrected from invalid dotted JS access to bracket access; local history persistence, Push, Portal upsert/Pull and Profile empty/populated rendering are covered. FLEET3740 configured local stores have no history rows; whether values were selected is unknown.	NEEDS RUNTIME EVIDENCE	Live disposable Portal API test across OMMC, Last Mile, CAR_CLUBS, Fleet, OE, IB verified push acknowledgment, Portal pull values, Tablet pull persistence, and Tablet Customer View for this value family. Detailed row-level destination is documented in code/schema audit; physical iPad and non-test DB remain unverified. | 2026-10-10: Blade now binds numeric year with $wire.categories['stream'][year]; dotted numeric access was invalid JS (Node SyntaxError). Tablet Fleet Add/Edit/local history/Push tests and Portal persist/Pull/Profile tests pass. FLEET3740 configured Tablet and Portal DBs each have 0 history rows; original selection/payload and physical endpoint unavailable. Integrated endpoint test skipped; physical iPad E2E pending.
annual category	OE 2019	oe	categories.oe.2019	annual category select	No	CustomerProfileFormService categoryOptions(profile, stream)	customer_category_histories(customer_id,profile_type,stream,category_year,category)	Yes	category_histories[].{profile_type,stream=oe,category_year=2019,category}	canonical option string + stream/year	profile_type/stream supported; year in configured years; category in configured profile/stream options	customer_category_histories(customer_id, profile_type, stream, category_year)	category string in Portal V2 annual-history table; no scalar flattening	ViewCustomer annualCategoryTableState / annual-category-table, keyed by profile stream and year	TabletSyncPayload customer_category_histories -> SyncService upsert by customer/profile/stream/year	COMPLETE	—	—	Tablet CustomerProfileFormService::saveAggregate; SyncService::pushCustomerRecord; Portal SyncController::pushCustomer; CustomerProfileService::saveCategoryStreams; ViewCustomer annual-category-table	Tablet local history keyed by customer/profile/stream/year -> payload preserves dimensions -> Portal CustomerProfileService upsert -> pull upsert by same composite key; preservation regression test covers other year.	NOT_EXERCISED	Static path + Portal regression coverage; other profile/stream normal-flow E2E not run.	OE (oe)	OPTIONAL cell; blank history row is omitted.	No required rule; each nonblank category must exist in options for current profile/stream; only applicable streams/years are visited.	Each supplied history row requires integer category_year and string category; profile/stream/year/category must be allowed.	STRUCTURAL_REQUIRED_FIELDS only within a submitted row; OPTIONAL form cell.	Rendered by profile and Entry Detail stream; selection can be blank.	PASS: minimal Add with this optional field blank across supported profile probe (unless activating condition)	PASS: minimal Portal create with optional field absent across supported profile probe (unless activating condition)	Human functional acceptance granted for Customer synchronization and view-alignment scope (2026-10-10). Fleet FLEET3741 Customer Information, Fleet Profile, Owner Profile, and Annual Category values observed in Portal. Row-level evidence and deferred blockers remain distinguished in this matrix and Work note.	OMMC-20261009 isolated feature validation: Portal 30 passed/350 assertions; Tablet 56 passed/426 assertions. Live physical-device/integrated API QA pending.	Last full run: 217 passed, 3 skipped, 6 failed; all six confirmed baseline/outdated expectations: 2 CustomerLocationMap, ExampleTest, 3 FirstLoginPersistence lastError expectations. See mirrored Work note.	CustomerPage.category_histories / Portal annualCategoryTableState(); history remains keyed by Customer/profile/stream/year.	Shared Add/Edit Blade numeric-year binding corrected from invalid dotted JS access to bracket access; local history persistence, Push, Portal upsert/Pull and Profile empty/populated rendering are covered. FLEET3740 configured local stores have no history rows; whether values were selected is unknown.	NEEDS RUNTIME EVIDENCE	Live disposable Portal API test across OMMC, Last Mile, CAR_CLUBS, Fleet, OE, IB verified push acknowledgment, Portal pull values, Tablet pull persistence, and Tablet Customer View for this value family. Detailed row-level destination is documented in code/schema audit; physical iPad and non-test DB remain unverified. | 2026-10-10: Blade now binds numeric year with $wire.categories['stream'][year]; dotted numeric access was invalid JS (Node SyntaxError). Tablet Fleet Add/Edit/local history/Push tests and Portal persist/Pull/Profile tests pass. FLEET3740 configured Tablet and Portal DBs each have 0 history rows; original selection/payload and physical endpoint unavailable. Integrated endpoint test skipped; physical iPad E2E pending.
annual category	OE 2020	oe	categories.oe.2020	annual category select	No	CustomerProfileFormService categoryOptions(profile, stream)	customer_category_histories(customer_id,profile_type,stream,category_year,category)	Yes	category_histories[].{profile_type,stream=oe,category_year=2020,category}	canonical option string + stream/year	profile_type/stream supported; year in configured years; category in configured profile/stream options	customer_category_histories(customer_id, profile_type, stream, category_year)	category string in Portal V2 annual-history table; no scalar flattening	ViewCustomer annualCategoryTableState / annual-category-table, keyed by profile stream and year	TabletSyncPayload customer_category_histories -> SyncService upsert by customer/profile/stream/year	COMPLETE	—	—	Tablet CustomerProfileFormService::saveAggregate; SyncService::pushCustomerRecord; Portal SyncController::pushCustomer; CustomerProfileService::saveCategoryStreams; ViewCustomer annual-category-table	Tablet local history keyed by customer/profile/stream/year -> payload preserves dimensions -> Portal CustomerProfileService upsert -> pull upsert by same composite key; preservation regression test covers other year.	NOT_EXERCISED	Static path + Portal regression coverage; other profile/stream normal-flow E2E not run.	OE (oe)	OPTIONAL cell; blank history row is omitted.	No required rule; each nonblank category must exist in options for current profile/stream; only applicable streams/years are visited.	Each supplied history row requires integer category_year and string category; profile/stream/year/category must be allowed.	STRUCTURAL_REQUIRED_FIELDS only within a submitted row; OPTIONAL form cell.	Rendered by profile and Entry Detail stream; selection can be blank.	PASS: minimal Add with this optional field blank across supported profile probe (unless activating condition)	PASS: minimal Portal create with optional field absent across supported profile probe (unless activating condition)	Human functional acceptance granted for Customer synchronization and view-alignment scope (2026-10-10). Fleet FLEET3741 Customer Information, Fleet Profile, Owner Profile, and Annual Category values observed in Portal. Row-level evidence and deferred blockers remain distinguished in this matrix and Work note.	OMMC-20261009 isolated feature validation: Portal 30 passed/350 assertions; Tablet 56 passed/426 assertions. Live physical-device/integrated API QA pending.	Last full run: 217 passed, 3 skipped, 6 failed; all six confirmed baseline/outdated expectations: 2 CustomerLocationMap, ExampleTest, 3 FirstLoginPersistence lastError expectations. See mirrored Work note.	CustomerPage.category_histories / Portal annualCategoryTableState(); history remains keyed by Customer/profile/stream/year.	Shared Add/Edit Blade numeric-year binding corrected from invalid dotted JS access to bracket access; local history persistence, Push, Portal upsert/Pull and Profile empty/populated rendering are covered. FLEET3740 configured local stores have no history rows; whether values were selected is unknown.	NEEDS RUNTIME EVIDENCE	Live disposable Portal API test across OMMC, Last Mile, CAR_CLUBS, Fleet, OE, IB verified push acknowledgment, Portal pull values, Tablet pull persistence, and Tablet Customer View for this value family. Detailed row-level destination is documented in code/schema audit; physical iPad and non-test DB remain unverified. | 2026-10-10: Blade now binds numeric year with $wire.categories['stream'][year]; dotted numeric access was invalid JS (Node SyntaxError). Tablet Fleet Add/Edit/local history/Push tests and Portal persist/Pull/Profile tests pass. FLEET3740 configured Tablet and Portal DBs each have 0 history rows; original selection/payload and physical endpoint unavailable. Integrated endpoint test skipped; physical iPad E2E pending.
annual category	OE 2021	oe	categories.oe.2021	annual category select	No	CustomerProfileFormService categoryOptions(profile, stream)	customer_category_histories(customer_id,profile_type,stream,category_year,category)	Yes	category_histories[].{profile_type,stream=oe,category_year=2021,category}	canonical option string + stream/year	profile_type/stream supported; year in configured years; category in configured profile/stream options	customer_category_histories(customer_id, profile_type, stream, category_year)	category string in Portal V2 annual-history table; no scalar flattening	ViewCustomer annualCategoryTableState / annual-category-table, keyed by profile stream and year	TabletSyncPayload customer_category_histories -> SyncService upsert by customer/profile/stream/year	COMPLETE	—	—	Tablet CustomerProfileFormService::saveAggregate; SyncService::pushCustomerRecord; Portal SyncController::pushCustomer; CustomerProfileService::saveCategoryStreams; ViewCustomer annual-category-table	Tablet local history keyed by customer/profile/stream/year -> payload preserves dimensions -> Portal CustomerProfileService upsert -> pull upsert by same composite key; preservation regression test covers other year.	NOT_EXERCISED	Static path + Portal regression coverage; other profile/stream normal-flow E2E not run.	OE (oe)	OPTIONAL cell; blank history row is omitted.	No required rule; each nonblank category must exist in options for current profile/stream; only applicable streams/years are visited.	Each supplied history row requires integer category_year and string category; profile/stream/year/category must be allowed.	STRUCTURAL_REQUIRED_FIELDS only within a submitted row; OPTIONAL form cell.	Rendered by profile and Entry Detail stream; selection can be blank.	PASS: minimal Add with this optional field blank across supported profile probe (unless activating condition)	PASS: minimal Portal create with optional field absent across supported profile probe (unless activating condition)	Human functional acceptance granted for Customer synchronization and view-alignment scope (2026-10-10). Fleet FLEET3741 Customer Information, Fleet Profile, Owner Profile, and Annual Category values observed in Portal. Row-level evidence and deferred blockers remain distinguished in this matrix and Work note.	OMMC-20261009 isolated feature validation: Portal 30 passed/350 assertions; Tablet 56 passed/426 assertions. Live physical-device/integrated API QA pending.	Last full run: 217 passed, 3 skipped, 6 failed; all six confirmed baseline/outdated expectations: 2 CustomerLocationMap, ExampleTest, 3 FirstLoginPersistence lastError expectations. See mirrored Work note.	CustomerPage.category_histories / Portal annualCategoryTableState(); history remains keyed by Customer/profile/stream/year.	Shared Add/Edit Blade numeric-year binding corrected from invalid dotted JS access to bracket access; local history persistence, Push, Portal upsert/Pull and Profile empty/populated rendering are covered. FLEET3740 configured local stores have no history rows; whether values were selected is unknown.	NEEDS RUNTIME EVIDENCE	Live disposable Portal API test across OMMC, Last Mile, CAR_CLUBS, Fleet, OE, IB verified push acknowledgment, Portal pull values, Tablet pull persistence, and Tablet Customer View for this value family. Detailed row-level destination is documented in code/schema audit; physical iPad and non-test DB remain unverified. | 2026-10-10: Blade now binds numeric year with $wire.categories['stream'][year]; dotted numeric access was invalid JS (Node SyntaxError). Tablet Fleet Add/Edit/local history/Push tests and Portal persist/Pull/Profile tests pass. FLEET3740 configured Tablet and Portal DBs each have 0 history rows; original selection/payload and physical endpoint unavailable. Integrated endpoint test skipped; physical iPad E2E pending.
annual category	OE 2022	oe	categories.oe.2022	annual category select	No	CustomerProfileFormService categoryOptions(profile, stream)	customer_category_histories(customer_id,profile_type,stream,category_year,category)	Yes	category_histories[].{profile_type,stream=oe,category_year=2022,category}	canonical option string + stream/year	profile_type/stream supported; year in configured years; category in configured profile/stream options	customer_category_histories(customer_id, profile_type, stream, category_year)	category string in Portal V2 annual-history table; no scalar flattening	ViewCustomer annualCategoryTableState / annual-category-table, keyed by profile stream and year	TabletSyncPayload customer_category_histories -> SyncService upsert by customer/profile/stream/year	COMPLETE	—	—	Tablet CustomerProfileFormService::saveAggregate; SyncService::pushCustomerRecord; Portal SyncController::pushCustomer; CustomerProfileService::saveCategoryStreams; ViewCustomer annual-category-table	Tablet local history keyed by customer/profile/stream/year -> payload preserves dimensions -> Portal CustomerProfileService upsert -> pull upsert by same composite key; preservation regression test covers other year.	NOT_EXERCISED	Static path + Portal regression coverage; other profile/stream normal-flow E2E not run.	OE (oe)	OPTIONAL cell; blank history row is omitted.	No required rule; each nonblank category must exist in options for current profile/stream; only applicable streams/years are visited.	Each supplied history row requires integer category_year and string category; profile/stream/year/category must be allowed.	STRUCTURAL_REQUIRED_FIELDS only within a submitted row; OPTIONAL form cell.	Rendered by profile and Entry Detail stream; selection can be blank.	PASS: minimal Add with this optional field blank across supported profile probe (unless activating condition)	PASS: minimal Portal create with optional field absent across supported profile probe (unless activating condition)	Human functional acceptance granted for Customer synchronization and view-alignment scope (2026-10-10). Fleet FLEET3741 Customer Information, Fleet Profile, Owner Profile, and Annual Category values observed in Portal. Row-level evidence and deferred blockers remain distinguished in this matrix and Work note.	OMMC-20261009 isolated feature validation: Portal 30 passed/350 assertions; Tablet 56 passed/426 assertions. Live physical-device/integrated API QA pending.	Last full run: 217 passed, 3 skipped, 6 failed; all six confirmed baseline/outdated expectations: 2 CustomerLocationMap, ExampleTest, 3 FirstLoginPersistence lastError expectations. See mirrored Work note.	CustomerPage.category_histories / Portal annualCategoryTableState(); history remains keyed by Customer/profile/stream/year.	Shared Add/Edit Blade numeric-year binding corrected from invalid dotted JS access to bracket access; local history persistence, Push, Portal upsert/Pull and Profile empty/populated rendering are covered. FLEET3740 configured local stores have no history rows; whether values were selected is unknown.	NEEDS RUNTIME EVIDENCE	Live disposable Portal API test across OMMC, Last Mile, CAR_CLUBS, Fleet, OE, IB verified push acknowledgment, Portal pull values, Tablet pull persistence, and Tablet Customer View for this value family. Detailed row-level destination is documented in code/schema audit; physical iPad and non-test DB remain unverified. | 2026-10-10: Blade now binds numeric year with $wire.categories['stream'][year]; dotted numeric access was invalid JS (Node SyntaxError). Tablet Fleet Add/Edit/local history/Push tests and Portal persist/Pull/Profile tests pass. FLEET3740 configured Tablet and Portal DBs each have 0 history rows; original selection/payload and physical endpoint unavailable. Integrated endpoint test skipped; physical iPad E2E pending.
annual category	OE 2023	oe	categories.oe.2023	annual category select	No	CustomerProfileFormService categoryOptions(profile, stream)	customer_category_histories(customer_id,profile_type,stream,category_year,category)	Yes	category_histories[].{profile_type,stream=oe,category_year=2023,category}	canonical option string + stream/year	profile_type/stream supported; year in configured years; category in configured profile/stream options	customer_category_histories(customer_id, profile_type, stream, category_year)	category string in Portal V2 annual-history table; no scalar flattening	ViewCustomer annualCategoryTableState / annual-category-table, keyed by profile stream and year	TabletSyncPayload customer_category_histories -> SyncService upsert by customer/profile/stream/year	COMPLETE	—	—	Tablet CustomerProfileFormService::saveAggregate; SyncService::pushCustomerRecord; Portal SyncController::pushCustomer; CustomerProfileService::saveCategoryStreams; ViewCustomer annual-category-table	Tablet local history keyed by customer/profile/stream/year -> payload preserves dimensions -> Portal CustomerProfileService upsert -> pull upsert by same composite key; preservation regression test covers other year.	NOT_EXERCISED	Static path + Portal regression coverage; other profile/stream normal-flow E2E not run.	OE (oe)	OPTIONAL cell; blank history row is omitted.	No required rule; each nonblank category must exist in options for current profile/stream; only applicable streams/years are visited.	Each supplied history row requires integer category_year and string category; profile/stream/year/category must be allowed.	STRUCTURAL_REQUIRED_FIELDS only within a submitted row; OPTIONAL form cell.	Rendered by profile and Entry Detail stream; selection can be blank.	PASS: minimal Add with this optional field blank across supported profile probe (unless activating condition)	PASS: minimal Portal create with optional field absent across supported profile probe (unless activating condition)	Human functional acceptance granted for Customer synchronization and view-alignment scope (2026-10-10). Fleet FLEET3741 Customer Information, Fleet Profile, Owner Profile, and Annual Category values observed in Portal. Row-level evidence and deferred blockers remain distinguished in this matrix and Work note.	OMMC-20261009 isolated feature validation: Portal 30 passed/350 assertions; Tablet 56 passed/426 assertions. Live physical-device/integrated API QA pending.	Last full run: 217 passed, 3 skipped, 6 failed; all six confirmed baseline/outdated expectations: 2 CustomerLocationMap, ExampleTest, 3 FirstLoginPersistence lastError expectations. See mirrored Work note.	CustomerPage.category_histories / Portal annualCategoryTableState(); history remains keyed by Customer/profile/stream/year.	Shared Add/Edit Blade numeric-year binding corrected from invalid dotted JS access to bracket access; local history persistence, Push, Portal upsert/Pull and Profile empty/populated rendering are covered. FLEET3740 configured local stores have no history rows; whether values were selected is unknown.	NEEDS RUNTIME EVIDENCE	Live disposable Portal API test across OMMC, Last Mile, CAR_CLUBS, Fleet, OE, IB verified push acknowledgment, Portal pull values, Tablet pull persistence, and Tablet Customer View for this value family. Detailed row-level destination is documented in code/schema audit; physical iPad and non-test DB remain unverified. | 2026-10-10: Blade now binds numeric year with $wire.categories['stream'][year]; dotted numeric access was invalid JS (Node SyntaxError). Tablet Fleet Add/Edit/local history/Push tests and Portal persist/Pull/Profile tests pass. FLEET3740 configured Tablet and Portal DBs each have 0 history rows; original selection/payload and physical endpoint unavailable. Integrated endpoint test skipped; physical iPad E2E pending.
annual category	OE 2024	oe	categories.oe.2024	annual category select	No	CustomerProfileFormService categoryOptions(profile, stream)	customer_category_histories(customer_id,profile_type,stream,category_year,category)	Yes	category_histories[].{profile_type,stream=oe,category_year=2024,category}	canonical option string + stream/year	profile_type/stream supported; year in configured years; category in configured profile/stream options	customer_category_histories(customer_id, profile_type, stream, category_year)	category string in Portal V2 annual-history table; no scalar flattening	ViewCustomer annualCategoryTableState / annual-category-table, keyed by profile stream and year	TabletSyncPayload customer_category_histories -> SyncService upsert by customer/profile/stream/year	COMPLETE	—	—	Tablet CustomerProfileFormService::saveAggregate; SyncService::pushCustomerRecord; Portal SyncController::pushCustomer; CustomerProfileService::saveCategoryStreams; ViewCustomer annual-category-table	Tablet local history keyed by customer/profile/stream/year -> payload preserves dimensions -> Portal CustomerProfileService upsert -> pull upsert by same composite key; preservation regression test covers other year.	NOT_EXERCISED	Static path + Portal regression coverage; other profile/stream normal-flow E2E not run.	OE (oe)	OPTIONAL cell; blank history row is omitted.	No required rule; each nonblank category must exist in options for current profile/stream; only applicable streams/years are visited.	Each supplied history row requires integer category_year and string category; profile/stream/year/category must be allowed.	STRUCTURAL_REQUIRED_FIELDS only within a submitted row; OPTIONAL form cell.	Rendered by profile and Entry Detail stream; selection can be blank.	PASS: minimal Add with this optional field blank across supported profile probe (unless activating condition)	PASS: minimal Portal create with optional field absent across supported profile probe (unless activating condition)	Human functional acceptance granted for Customer synchronization and view-alignment scope (2026-10-10). Fleet FLEET3741 Customer Information, Fleet Profile, Owner Profile, and Annual Category values observed in Portal. Row-level evidence and deferred blockers remain distinguished in this matrix and Work note.	OMMC-20261009 isolated feature validation: Portal 30 passed/350 assertions; Tablet 56 passed/426 assertions. Live physical-device/integrated API QA pending.	Last full run: 217 passed, 3 skipped, 6 failed; all six confirmed baseline/outdated expectations: 2 CustomerLocationMap, ExampleTest, 3 FirstLoginPersistence lastError expectations. See mirrored Work note.	CustomerPage.category_histories / Portal annualCategoryTableState(); history remains keyed by Customer/profile/stream/year.	Shared Add/Edit Blade numeric-year binding corrected from invalid dotted JS access to bracket access; local history persistence, Push, Portal upsert/Pull and Profile empty/populated rendering are covered. FLEET3740 configured local stores have no history rows; whether values were selected is unknown.	NEEDS RUNTIME EVIDENCE	Live disposable Portal API test across OMMC, Last Mile, CAR_CLUBS, Fleet, OE, IB verified push acknowledgment, Portal pull values, Tablet pull persistence, and Tablet Customer View for this value family. Detailed row-level destination is documented in code/schema audit; physical iPad and non-test DB remain unverified. | 2026-10-10: Blade now binds numeric year with $wire.categories['stream'][year]; dotted numeric access was invalid JS (Node SyntaxError). Tablet Fleet Add/Edit/local history/Push tests and Portal persist/Pull/Profile tests pass. FLEET3740 configured Tablet and Portal DBs each have 0 history rows; original selection/payload and physical endpoint unavailable. Integrated endpoint test skipped; physical iPad E2E pending.
annual category	OE 2025	oe	categories.oe.2025	annual category select	No	CustomerProfileFormService categoryOptions(profile, stream)	customer_category_histories(customer_id,profile_type,stream,category_year,category)	Yes	category_histories[].{profile_type,stream=oe,category_year=2025,category}	canonical option string + stream/year	profile_type/stream supported; year in configured years; category in configured profile/stream options	customer_category_histories(customer_id, profile_type, stream, category_year)	category string in Portal V2 annual-history table; no scalar flattening	ViewCustomer annualCategoryTableState / annual-category-table, keyed by profile stream and year	TabletSyncPayload customer_category_histories -> SyncService upsert by customer/profile/stream/year	COMPLETE	—	—	Tablet CustomerProfileFormService::saveAggregate; SyncService::pushCustomerRecord; Portal SyncController::pushCustomer; CustomerProfileService::saveCategoryStreams; ViewCustomer annual-category-table	Tablet local history keyed by customer/profile/stream/year -> payload preserves dimensions -> Portal CustomerProfileService upsert -> pull upsert by same composite key; preservation regression test covers other year.	NOT_EXERCISED	Static path + Portal regression coverage; other profile/stream normal-flow E2E not run.	OE (oe)	OPTIONAL cell; blank history row is omitted.	No required rule; each nonblank category must exist in options for current profile/stream; only applicable streams/years are visited.	Each supplied history row requires integer category_year and string category; profile/stream/year/category must be allowed.	STRUCTURAL_REQUIRED_FIELDS only within a submitted row; OPTIONAL form cell.	Rendered by profile and Entry Detail stream; selection can be blank.	PASS: minimal Add with this optional field blank across supported profile probe (unless activating condition)	PASS: minimal Portal create with optional field absent across supported profile probe (unless activating condition)	Human functional acceptance granted for Customer synchronization and view-alignment scope (2026-10-10). Fleet FLEET3741 Customer Information, Fleet Profile, Owner Profile, and Annual Category values observed in Portal. Row-level evidence and deferred blockers remain distinguished in this matrix and Work note.	OMMC-20261009 isolated feature validation: Portal 30 passed/350 assertions; Tablet 56 passed/426 assertions. Live physical-device/integrated API QA pending.	Last full run: 217 passed, 3 skipped, 6 failed; all six confirmed baseline/outdated expectations: 2 CustomerLocationMap, ExampleTest, 3 FirstLoginPersistence lastError expectations. See mirrored Work note.	CustomerPage.category_histories / Portal annualCategoryTableState(); history remains keyed by Customer/profile/stream/year.	Shared Add/Edit Blade numeric-year binding corrected from invalid dotted JS access to bracket access; local history persistence, Push, Portal upsert/Pull and Profile empty/populated rendering are covered. FLEET3740 configured local stores have no history rows; whether values were selected is unknown.	NEEDS RUNTIME EVIDENCE	Live disposable Portal API test across OMMC, Last Mile, CAR_CLUBS, Fleet, OE, IB verified push acknowledgment, Portal pull values, Tablet pull persistence, and Tablet Customer View for this value family. Detailed row-level destination is documented in code/schema audit; physical iPad and non-test DB remain unverified. | 2026-10-10: Blade now binds numeric year with $wire.categories['stream'][year]; dotted numeric access was invalid JS (Node SyntaxError). Tablet Fleet Add/Edit/local history/Push tests and Portal persist/Pull/Profile tests pass. FLEET3740 configured Tablet and Portal DBs each have 0 history rows; original selection/payload and physical endpoint unavailable. Integrated endpoint test skipped; physical iPad E2E pending.
annual category	IB 2018	ib	categories.ib.2018	annual category select	No	CustomerProfileFormService categoryOptions(profile, stream)	customer_category_histories(customer_id,profile_type,stream,category_year,category)	Yes	category_histories[].{profile_type,stream=ib,category_year=2018,category}	canonical option string + stream/year	profile_type/stream supported; year in configured years; category in configured profile/stream options	customer_category_histories(customer_id, profile_type, stream, category_year)	category string in Portal V2 annual-history table; no scalar flattening	ViewCustomer annualCategoryTableState / annual-category-table, keyed by profile stream and year	TabletSyncPayload customer_category_histories -> SyncService upsert by customer/profile/stream/year	COMPLETE	—	—	Tablet CustomerProfileFormService::saveAggregate; SyncService::pushCustomerRecord; Portal SyncController::pushCustomer; CustomerProfileService::saveCategoryStreams; ViewCustomer annual-category-table	Tablet local history keyed by customer/profile/stream/year -> payload preserves dimensions -> Portal CustomerProfileService upsert -> pull upsert by same composite key; preservation regression test covers other year.	NOT_EXERCISED	Static path + Portal regression coverage; other profile/stream normal-flow E2E not run.	IB (ib)	OPTIONAL cell; blank history row is omitted.	No required rule; each nonblank category must exist in options for current profile/stream; only applicable streams/years are visited.	Each supplied history row requires integer category_year and string category; profile/stream/year/category must be allowed.	STRUCTURAL_REQUIRED_FIELDS only within a submitted row; OPTIONAL form cell.	Rendered by profile and Entry Detail stream; selection can be blank.	PASS: minimal Add with this optional field blank across supported profile probe (unless activating condition)	PASS: minimal Portal create with optional field absent across supported profile probe (unless activating condition)	Human functional acceptance granted for Customer synchronization and view-alignment scope (2026-10-10). Fleet FLEET3741 Customer Information, Fleet Profile, Owner Profile, and Annual Category values observed in Portal. Row-level evidence and deferred blockers remain distinguished in this matrix and Work note.	OMMC-20261009 isolated feature validation: Portal 30 passed/350 assertions; Tablet 56 passed/426 assertions. Live physical-device/integrated API QA pending.	Last full run: 217 passed, 3 skipped, 6 failed; all six confirmed baseline/outdated expectations: 2 CustomerLocationMap, ExampleTest, 3 FirstLoginPersistence lastError expectations. See mirrored Work note.	CustomerPage.category_histories / Portal annualCategoryTableState(); history remains keyed by Customer/profile/stream/year.	Shared Add/Edit Blade numeric-year binding corrected from invalid dotted JS access to bracket access; local history persistence, Push, Portal upsert/Pull and Profile empty/populated rendering are covered. FLEET3740 configured local stores have no history rows; whether values were selected is unknown.	NEEDS RUNTIME EVIDENCE	Live disposable Portal API test across OMMC, Last Mile, CAR_CLUBS, Fleet, OE, IB verified push acknowledgment, Portal pull values, Tablet pull persistence, and Tablet Customer View for this value family. Detailed row-level destination is documented in code/schema audit; physical iPad and non-test DB remain unverified. | 2026-10-10: Blade now binds numeric year with $wire.categories['stream'][year]; dotted numeric access was invalid JS (Node SyntaxError). Tablet Fleet Add/Edit/local history/Push tests and Portal persist/Pull/Profile tests pass. FLEET3740 configured Tablet and Portal DBs each have 0 history rows; original selection/payload and physical endpoint unavailable. Integrated endpoint test skipped; physical iPad E2E pending.
annual category	IB 2019	ib	categories.ib.2019	annual category select	No	CustomerProfileFormService categoryOptions(profile, stream)	customer_category_histories(customer_id,profile_type,stream,category_year,category)	Yes	category_histories[].{profile_type,stream=ib,category_year=2019,category}	canonical option string + stream/year	profile_type/stream supported; year in configured years; category in configured profile/stream options	customer_category_histories(customer_id, profile_type, stream, category_year)	category string in Portal V2 annual-history table; no scalar flattening	ViewCustomer annualCategoryTableState / annual-category-table, keyed by profile stream and year	TabletSyncPayload customer_category_histories -> SyncService upsert by customer/profile/stream/year	COMPLETE	—	—	Tablet CustomerProfileFormService::saveAggregate; SyncService::pushCustomerRecord; Portal SyncController::pushCustomer; CustomerProfileService::saveCategoryStreams; ViewCustomer annual-category-table	Tablet local history keyed by customer/profile/stream/year -> payload preserves dimensions -> Portal CustomerProfileService upsert -> pull upsert by same composite key; preservation regression test covers other year.	NOT_EXERCISED	Static path + Portal regression coverage; other profile/stream normal-flow E2E not run.	IB (ib)	OPTIONAL cell; blank history row is omitted.	No required rule; each nonblank category must exist in options for current profile/stream; only applicable streams/years are visited.	Each supplied history row requires integer category_year and string category; profile/stream/year/category must be allowed.	STRUCTURAL_REQUIRED_FIELDS only within a submitted row; OPTIONAL form cell.	Rendered by profile and Entry Detail stream; selection can be blank.	PASS: minimal Add with this optional field blank across supported profile probe (unless activating condition)	PASS: minimal Portal create with optional field absent across supported profile probe (unless activating condition)	Human functional acceptance granted for Customer synchronization and view-alignment scope (2026-10-10). Fleet FLEET3741 Customer Information, Fleet Profile, Owner Profile, and Annual Category values observed in Portal. Row-level evidence and deferred blockers remain distinguished in this matrix and Work note.	OMMC-20261009 isolated feature validation: Portal 30 passed/350 assertions; Tablet 56 passed/426 assertions. Live physical-device/integrated API QA pending.	Last full run: 217 passed, 3 skipped, 6 failed; all six confirmed baseline/outdated expectations: 2 CustomerLocationMap, ExampleTest, 3 FirstLoginPersistence lastError expectations. See mirrored Work note.	CustomerPage.category_histories / Portal annualCategoryTableState(); history remains keyed by Customer/profile/stream/year.	Shared Add/Edit Blade numeric-year binding corrected from invalid dotted JS access to bracket access; local history persistence, Push, Portal upsert/Pull and Profile empty/populated rendering are covered. FLEET3740 configured local stores have no history rows; whether values were selected is unknown.	NEEDS RUNTIME EVIDENCE	Live disposable Portal API test across OMMC, Last Mile, CAR_CLUBS, Fleet, OE, IB verified push acknowledgment, Portal pull values, Tablet pull persistence, and Tablet Customer View for this value family. Detailed row-level destination is documented in code/schema audit; physical iPad and non-test DB remain unverified. | 2026-10-10: Blade now binds numeric year with $wire.categories['stream'][year]; dotted numeric access was invalid JS (Node SyntaxError). Tablet Fleet Add/Edit/local history/Push tests and Portal persist/Pull/Profile tests pass. FLEET3740 configured Tablet and Portal DBs each have 0 history rows; original selection/payload and physical endpoint unavailable. Integrated endpoint test skipped; physical iPad E2E pending.
annual category	IB 2020	ib	categories.ib.2020	annual category select	No	CustomerProfileFormService categoryOptions(profile, stream)	customer_category_histories(customer_id,profile_type,stream,category_year,category)	Yes	category_histories[].{profile_type,stream=ib,category_year=2020,category}	canonical option string + stream/year	profile_type/stream supported; year in configured years; category in configured profile/stream options	customer_category_histories(customer_id, profile_type, stream, category_year)	category string in Portal V2 annual-history table; no scalar flattening	ViewCustomer annualCategoryTableState / annual-category-table, keyed by profile stream and year	TabletSyncPayload customer_category_histories -> SyncService upsert by customer/profile/stream/year	COMPLETE	—	—	Tablet CustomerProfileFormService::saveAggregate; SyncService::pushCustomerRecord; Portal SyncController::pushCustomer; CustomerProfileService::saveCategoryStreams; ViewCustomer annual-category-table	Tablet local history keyed by customer/profile/stream/year -> payload preserves dimensions -> Portal CustomerProfileService upsert -> pull upsert by same composite key; preservation regression test covers other year.	NOT_EXERCISED	Static path + Portal regression coverage; other profile/stream normal-flow E2E not run.	IB (ib)	OPTIONAL cell; blank history row is omitted.	No required rule; each nonblank category must exist in options for current profile/stream; only applicable streams/years are visited.	Each supplied history row requires integer category_year and string category; profile/stream/year/category must be allowed.	STRUCTURAL_REQUIRED_FIELDS only within a submitted row; OPTIONAL form cell.	Rendered by profile and Entry Detail stream; selection can be blank.	PASS: minimal Add with this optional field blank across supported profile probe (unless activating condition)	PASS: minimal Portal create with optional field absent across supported profile probe (unless activating condition)	Human functional acceptance granted for Customer synchronization and view-alignment scope (2026-10-10). Fleet FLEET3741 Customer Information, Fleet Profile, Owner Profile, and Annual Category values observed in Portal. Row-level evidence and deferred blockers remain distinguished in this matrix and Work note.	OMMC-20261009 isolated feature validation: Portal 30 passed/350 assertions; Tablet 56 passed/426 assertions. Live physical-device/integrated API QA pending.	Last full run: 217 passed, 3 skipped, 6 failed; all six confirmed baseline/outdated expectations: 2 CustomerLocationMap, ExampleTest, 3 FirstLoginPersistence lastError expectations. See mirrored Work note.	CustomerPage.category_histories / Portal annualCategoryTableState(); history remains keyed by Customer/profile/stream/year.	Shared Add/Edit Blade numeric-year binding corrected from invalid dotted JS access to bracket access; local history persistence, Push, Portal upsert/Pull and Profile empty/populated rendering are covered. FLEET3740 configured local stores have no history rows; whether values were selected is unknown.	NEEDS RUNTIME EVIDENCE	Live disposable Portal API test across OMMC, Last Mile, CAR_CLUBS, Fleet, OE, IB verified push acknowledgment, Portal pull values, Tablet pull persistence, and Tablet Customer View for this value family. Detailed row-level destination is documented in code/schema audit; physical iPad and non-test DB remain unverified. | 2026-10-10: Blade now binds numeric year with $wire.categories['stream'][year]; dotted numeric access was invalid JS (Node SyntaxError). Tablet Fleet Add/Edit/local history/Push tests and Portal persist/Pull/Profile tests pass. FLEET3740 configured Tablet and Portal DBs each have 0 history rows; original selection/payload and physical endpoint unavailable. Integrated endpoint test skipped; physical iPad E2E pending.
annual category	IB 2021	ib	categories.ib.2021	annual category select	No	CustomerProfileFormService categoryOptions(profile, stream)	customer_category_histories(customer_id,profile_type,stream,category_year,category)	Yes	category_histories[].{profile_type,stream=ib,category_year=2021,category}	canonical option string + stream/year	profile_type/stream supported; year in configured years; category in configured profile/stream options	customer_category_histories(customer_id, profile_type, stream, category_year)	category string in Portal V2 annual-history table; no scalar flattening	ViewCustomer annualCategoryTableState / annual-category-table, keyed by profile stream and year	TabletSyncPayload customer_category_histories -> SyncService upsert by customer/profile/stream/year	COMPLETE	—	—	Tablet CustomerProfileFormService::saveAggregate; SyncService::pushCustomerRecord; Portal SyncController::pushCustomer; CustomerProfileService::saveCategoryStreams; ViewCustomer annual-category-table	Tablet local history keyed by customer/profile/stream/year -> payload preserves dimensions -> Portal CustomerProfileService upsert -> pull upsert by same composite key; preservation regression test covers other year.	NOT_EXERCISED	Static path + Portal regression coverage; other profile/stream normal-flow E2E not run.	IB (ib)	OPTIONAL cell; blank history row is omitted.	No required rule; each nonblank category must exist in options for current profile/stream; only applicable streams/years are visited.	Each supplied history row requires integer category_year and string category; profile/stream/year/category must be allowed.	STRUCTURAL_REQUIRED_FIELDS only within a submitted row; OPTIONAL form cell.	Rendered by profile and Entry Detail stream; selection can be blank.	PASS: minimal Add with this optional field blank across supported profile probe (unless activating condition)	PASS: minimal Portal create with optional field absent across supported profile probe (unless activating condition)	Human functional acceptance granted for Customer synchronization and view-alignment scope (2026-10-10). Fleet FLEET3741 Customer Information, Fleet Profile, Owner Profile, and Annual Category values observed in Portal. Row-level evidence and deferred blockers remain distinguished in this matrix and Work note.	OMMC-20261009 isolated feature validation: Portal 30 passed/350 assertions; Tablet 56 passed/426 assertions. Live physical-device/integrated API QA pending.	Last full run: 217 passed, 3 skipped, 6 failed; all six confirmed baseline/outdated expectations: 2 CustomerLocationMap, ExampleTest, 3 FirstLoginPersistence lastError expectations. See mirrored Work note.	CustomerPage.category_histories / Portal annualCategoryTableState(); history remains keyed by Customer/profile/stream/year.	Shared Add/Edit Blade numeric-year binding corrected from invalid dotted JS access to bracket access; local history persistence, Push, Portal upsert/Pull and Profile empty/populated rendering are covered. FLEET3740 configured local stores have no history rows; whether values were selected is unknown.	NEEDS RUNTIME EVIDENCE	Live disposable Portal API test across OMMC, Last Mile, CAR_CLUBS, Fleet, OE, IB verified push acknowledgment, Portal pull values, Tablet pull persistence, and Tablet Customer View for this value family. Detailed row-level destination is documented in code/schema audit; physical iPad and non-test DB remain unverified. | 2026-10-10: Blade now binds numeric year with $wire.categories['stream'][year]; dotted numeric access was invalid JS (Node SyntaxError). Tablet Fleet Add/Edit/local history/Push tests and Portal persist/Pull/Profile tests pass. FLEET3740 configured Tablet and Portal DBs each have 0 history rows; original selection/payload and physical endpoint unavailable. Integrated endpoint test skipped; physical iPad E2E pending.
annual category	IB 2022	ib	categories.ib.2022	annual category select	No	CustomerProfileFormService categoryOptions(profile, stream)	customer_category_histories(customer_id,profile_type,stream,category_year,category)	Yes	category_histories[].{profile_type,stream=ib,category_year=2022,category}	canonical option string + stream/year	profile_type/stream supported; year in configured years; category in configured profile/stream options	customer_category_histories(customer_id, profile_type, stream, category_year)	category string in Portal V2 annual-history table; no scalar flattening	ViewCustomer annualCategoryTableState / annual-category-table, keyed by profile stream and year	TabletSyncPayload customer_category_histories -> SyncService upsert by customer/profile/stream/year	COMPLETE	—	—	Tablet CustomerProfileFormService::saveAggregate; SyncService::pushCustomerRecord; Portal SyncController::pushCustomer; CustomerProfileService::saveCategoryStreams; ViewCustomer annual-category-table	Tablet local history keyed by customer/profile/stream/year -> payload preserves dimensions -> Portal CustomerProfileService upsert -> pull upsert by same composite key; preservation regression test covers other year.	NOT_EXERCISED	Static path + Portal regression coverage; other profile/stream normal-flow E2E not run.	IB (ib)	OPTIONAL cell; blank history row is omitted.	No required rule; each nonblank category must exist in options for current profile/stream; only applicable streams/years are visited.	Each supplied history row requires integer category_year and string category; profile/stream/year/category must be allowed.	STRUCTURAL_REQUIRED_FIELDS only within a submitted row; OPTIONAL form cell.	Rendered by profile and Entry Detail stream; selection can be blank.	PASS: minimal Add with this optional field blank across supported profile probe (unless activating condition)	PASS: minimal Portal create with optional field absent across supported profile probe (unless activating condition)	Human functional acceptance granted for Customer synchronization and view-alignment scope (2026-10-10). Fleet FLEET3741 Customer Information, Fleet Profile, Owner Profile, and Annual Category values observed in Portal. Row-level evidence and deferred blockers remain distinguished in this matrix and Work note.	OMMC-20261009 isolated feature validation: Portal 30 passed/350 assertions; Tablet 56 passed/426 assertions. Live physical-device/integrated API QA pending.	Last full run: 217 passed, 3 skipped, 6 failed; all six confirmed baseline/outdated expectations: 2 CustomerLocationMap, ExampleTest, 3 FirstLoginPersistence lastError expectations. See mirrored Work note.	CustomerPage.category_histories / Portal annualCategoryTableState(); history remains keyed by Customer/profile/stream/year.	Shared Add/Edit Blade numeric-year binding corrected from invalid dotted JS access to bracket access; local history persistence, Push, Portal upsert/Pull and Profile empty/populated rendering are covered. FLEET3740 configured local stores have no history rows; whether values were selected is unknown.	NEEDS RUNTIME EVIDENCE	Live disposable Portal API test across OMMC, Last Mile, CAR_CLUBS, Fleet, OE, IB verified push acknowledgment, Portal pull values, Tablet pull persistence, and Tablet Customer View for this value family. Detailed row-level destination is documented in code/schema audit; physical iPad and non-test DB remain unverified. | 2026-10-10: Blade now binds numeric year with $wire.categories['stream'][year]; dotted numeric access was invalid JS (Node SyntaxError). Tablet Fleet Add/Edit/local history/Push tests and Portal persist/Pull/Profile tests pass. FLEET3740 configured Tablet and Portal DBs each have 0 history rows; original selection/payload and physical endpoint unavailable. Integrated endpoint test skipped; physical iPad E2E pending.
annual category	IB 2023	ib	categories.ib.2023	annual category select	No	CustomerProfileFormService categoryOptions(profile, stream)	customer_category_histories(customer_id,profile_type,stream,category_year,category)	Yes	category_histories[].{profile_type,stream=ib,category_year=2023,category}	canonical option string + stream/year	profile_type/stream supported; year in configured years; category in configured profile/stream options	customer_category_histories(customer_id, profile_type, stream, category_year)	category string in Portal V2 annual-history table; no scalar flattening	ViewCustomer annualCategoryTableState / annual-category-table, keyed by profile stream and year	TabletSyncPayload customer_category_histories -> SyncService upsert by customer/profile/stream/year	COMPLETE	—	—	Tablet CustomerProfileFormService::saveAggregate; SyncService::pushCustomerRecord; Portal SyncController::pushCustomer; CustomerProfileService::saveCategoryStreams; ViewCustomer annual-category-table	Tablet local history keyed by customer/profile/stream/year -> payload preserves dimensions -> Portal CustomerProfileService upsert -> pull upsert by same composite key; preservation regression test covers other year.	NOT_EXERCISED	Static path + Portal regression coverage; other profile/stream normal-flow E2E not run.	IB (ib)	OPTIONAL cell; blank history row is omitted.	No required rule; each nonblank category must exist in options for current profile/stream; only applicable streams/years are visited.	Each supplied history row requires integer category_year and string category; profile/stream/year/category must be allowed.	STRUCTURAL_REQUIRED_FIELDS only within a submitted row; OPTIONAL form cell.	Rendered by profile and Entry Detail stream; selection can be blank.	PASS: minimal Add with this optional field blank across supported profile probe (unless activating condition)	PASS: minimal Portal create with optional field absent across supported profile probe (unless activating condition)	Human functional acceptance granted for Customer synchronization and view-alignment scope (2026-10-10). Fleet FLEET3741 Customer Information, Fleet Profile, Owner Profile, and Annual Category values observed in Portal. Row-level evidence and deferred blockers remain distinguished in this matrix and Work note.	OMMC-20261009 isolated feature validation: Portal 30 passed/350 assertions; Tablet 56 passed/426 assertions. Live physical-device/integrated API QA pending.	Last full run: 217 passed, 3 skipped, 6 failed; all six confirmed baseline/outdated expectations: 2 CustomerLocationMap, ExampleTest, 3 FirstLoginPersistence lastError expectations. See mirrored Work note.	CustomerPage.category_histories / Portal annualCategoryTableState(); history remains keyed by Customer/profile/stream/year.	Shared Add/Edit Blade numeric-year binding corrected from invalid dotted JS access to bracket access; local history persistence, Push, Portal upsert/Pull and Profile empty/populated rendering are covered. FLEET3740 configured local stores have no history rows; whether values were selected is unknown.	NEEDS RUNTIME EVIDENCE	Live disposable Portal API test across OMMC, Last Mile, CAR_CLUBS, Fleet, OE, IB verified push acknowledgment, Portal pull values, Tablet pull persistence, and Tablet Customer View for this value family. Detailed row-level destination is documented in code/schema audit; physical iPad and non-test DB remain unverified. | 2026-10-10: Blade now binds numeric year with $wire.categories['stream'][year]; dotted numeric access was invalid JS (Node SyntaxError). Tablet Fleet Add/Edit/local history/Push tests and Portal persist/Pull/Profile tests pass. FLEET3740 configured Tablet and Portal DBs each have 0 history rows; original selection/payload and physical endpoint unavailable. Integrated endpoint test skipped; physical iPad E2E pending.
annual category	IB 2024	ib	categories.ib.2024	annual category select	No	CustomerProfileFormService categoryOptions(profile, stream)	customer_category_histories(customer_id,profile_type,stream,category_year,category)	Yes	category_histories[].{profile_type,stream=ib,category_year=2024,category}	canonical option string + stream/year	profile_type/stream supported; year in configured years; category in configured profile/stream options	customer_category_histories(customer_id, profile_type, stream, category_year)	category string in Portal V2 annual-history table; no scalar flattening	ViewCustomer annualCategoryTableState / annual-category-table, keyed by profile stream and year	TabletSyncPayload customer_category_histories -> SyncService upsert by customer/profile/stream/year	COMPLETE	—	—	Tablet CustomerProfileFormService::saveAggregate; SyncService::pushCustomerRecord; Portal SyncController::pushCustomer; CustomerProfileService::saveCategoryStreams; ViewCustomer annual-category-table	Tablet local history keyed by customer/profile/stream/year -> payload preserves dimensions -> Portal CustomerProfileService upsert -> pull upsert by same composite key; preservation regression test covers other year.	NOT_EXERCISED	Static path + Portal regression coverage; other profile/stream normal-flow E2E not run.	IB (ib)	OPTIONAL cell; blank history row is omitted.	No required rule; each nonblank category must exist in options for current profile/stream; only applicable streams/years are visited.	Each supplied history row requires integer category_year and string category; profile/stream/year/category must be allowed.	STRUCTURAL_REQUIRED_FIELDS only within a submitted row; OPTIONAL form cell.	Rendered by profile and Entry Detail stream; selection can be blank.	PASS: minimal Add with this optional field blank across supported profile probe (unless activating condition)	PASS: minimal Portal create with optional field absent across supported profile probe (unless activating condition)	Human functional acceptance granted for Customer synchronization and view-alignment scope (2026-10-10). Fleet FLEET3741 Customer Information, Fleet Profile, Owner Profile, and Annual Category values observed in Portal. Row-level evidence and deferred blockers remain distinguished in this matrix and Work note.	OMMC-20261009 isolated feature validation: Portal 30 passed/350 assertions; Tablet 56 passed/426 assertions. Live physical-device/integrated API QA pending.	Last full run: 217 passed, 3 skipped, 6 failed; all six confirmed baseline/outdated expectations: 2 CustomerLocationMap, ExampleTest, 3 FirstLoginPersistence lastError expectations. See mirrored Work note.	CustomerPage.category_histories / Portal annualCategoryTableState(); history remains keyed by Customer/profile/stream/year.	Shared Add/Edit Blade numeric-year binding corrected from invalid dotted JS access to bracket access; local history persistence, Push, Portal upsert/Pull and Profile empty/populated rendering are covered. FLEET3740 configured local stores have no history rows; whether values were selected is unknown.	NEEDS RUNTIME EVIDENCE	Live disposable Portal API test across OMMC, Last Mile, CAR_CLUBS, Fleet, OE, IB verified push acknowledgment, Portal pull values, Tablet pull persistence, and Tablet Customer View for this value family. Detailed row-level destination is documented in code/schema audit; physical iPad and non-test DB remain unverified. | 2026-10-10: Blade now binds numeric year with $wire.categories['stream'][year]; dotted numeric access was invalid JS (Node SyntaxError). Tablet Fleet Add/Edit/local history/Push tests and Portal persist/Pull/Profile tests pass. FLEET3740 configured Tablet and Portal DBs each have 0 history rows; original selection/payload and physical endpoint unavailable. Integrated endpoint test skipped; physical iPad E2E pending.
annual category	IB 2025	ib	categories.ib.2025	annual category select	No	CustomerProfileFormService categoryOptions(profile, stream)	customer_category_histories(customer_id,profile_type,stream,category_year,category)	Yes	category_histories[].{profile_type,stream=ib,category_year=2025,category}	canonical option string + stream/year	profile_type/stream supported; year in configured years; category in configured profile/stream options	customer_category_histories(customer_id, profile_type, stream, category_year)	category string in Portal V2 annual-history table; no scalar flattening	ViewCustomer annualCategoryTableState / annual-category-table, keyed by profile stream and year	TabletSyncPayload customer_category_histories -> SyncService upsert by customer/profile/stream/year	COMPLETE	—	—	Tablet CustomerProfileFormService::saveAggregate; SyncService::pushCustomerRecord; Portal SyncController::pushCustomer; CustomerProfileService::saveCategoryStreams; ViewCustomer annual-category-table	Tablet local history keyed by customer/profile/stream/year -> payload preserves dimensions -> Portal CustomerProfileService upsert -> pull upsert by same composite key; preservation regression test covers other year.	NOT_EXERCISED	Static path + Portal regression coverage; other profile/stream normal-flow E2E not run.	IB (ib)	OPTIONAL cell; blank history row is omitted.	No required rule; each nonblank category must exist in options for current profile/stream; only applicable streams/years are visited.	Each supplied history row requires integer category_year and string category; profile/stream/year/category must be allowed.	STRUCTURAL_REQUIRED_FIELDS only within a submitted row; OPTIONAL form cell.	Rendered by profile and Entry Detail stream; selection can be blank.	PASS: minimal Add with this optional field blank across supported profile probe (unless activating condition)	PASS: minimal Portal create with optional field absent across supported profile probe (unless activating condition)	Human functional acceptance granted for Customer synchronization and view-alignment scope (2026-10-10). Fleet FLEET3741 Customer Information, Fleet Profile, Owner Profile, and Annual Category values observed in Portal. Row-level evidence and deferred blockers remain distinguished in this matrix and Work note.	OMMC-20261009 isolated feature validation: Portal 30 passed/350 assertions; Tablet 56 passed/426 assertions. Live physical-device/integrated API QA pending.	Last full run: 217 passed, 3 skipped, 6 failed; all six confirmed baseline/outdated expectations: 2 CustomerLocationMap, ExampleTest, 3 FirstLoginPersistence lastError expectations. See mirrored Work note.	CustomerPage.category_histories / Portal annualCategoryTableState(); history remains keyed by Customer/profile/stream/year.	Shared Add/Edit Blade numeric-year binding corrected from invalid dotted JS access to bracket access; local history persistence, Push, Portal upsert/Pull and Profile empty/populated rendering are covered. FLEET3740 configured local stores have no history rows; whether values were selected is unknown.	NEEDS RUNTIME EVIDENCE	Live disposable Portal API test across OMMC, Last Mile, CAR_CLUBS, Fleet, OE, IB verified push acknowledgment, Portal pull values, Tablet pull persistence, and Tablet Customer View for this value family. Detailed row-level destination is documented in code/schema audit; physical iPad and non-test DB remain unverified. | 2026-10-10: Blade now binds numeric year with $wire.categories['stream'][year]; dotted numeric access was invalid JS (Node SyntaxError). Tablet Fleet Add/Edit/local history/Push tests and Portal persist/Pull/Profile tests pass. FLEET3740 configured Tablet and Portal DBs each have 0 history rows; original selection/payload and physical endpoint unavailable. Integrated endpoint test skipped; physical iPad E2E pending.
system	Local Customer identity	all	customers.id + local_uuid	system-generated / not editable	system generated	random unique negative local integer + UUID	customers.id/local_uuid	Yes	local_uuid; server_id only on updates	UUID idempotency identity; negative local ID is not sent	local_uuid required uuid; server_id/update intent consistency	customers.local_uuid + Portal-generated id	Portal Customer ID keyed by local_uuid; returned server_id stored locally	not shown	pull maps Portal id to local server_id / local local row	COMPLETE	—	—	CustomerCreatePage transaction; pushCustomerRecord; SyncController response; markSynced	Existing field path retained; no defect established.	NOT_EXERCISED	Not covered by the isolated outlet Add Customer E2E fixture.	OMMC (outlet), Last Mile (outlet), Fleet (fleet), OE (oe), IB (ib), CAR_CLUBS (outlet; extra mapped variant)	SYSTEM-OWNED; not a user-entered required field.	No unconditional required rule; see field value/type/relationship rule below.	No unconditional API required rule; see field value/type/relationship rule below.	SYSTEM_OWNED_INVARIANT; applicable only to generated/supplied sync metadata.	Visible for the listed profile/condition; enabled control; empty selection accepted unless noted.	SYSTEM_OWNED / not user input	SYSTEM_OWNED / not user input	Human functional acceptance granted for Customer synchronization and view-alignment scope (2026-10-10). Fleet FLEET3741 Customer Information, Fleet Profile, Owner Profile, and Annual Category values observed in Portal. Row-level evidence and deferred blockers remain distinguished in this matrix and Work note.	OMMC-20261009 isolated feature validation: Portal 30 passed/350 assertions; Tablet 56 passed/426 assertions. Live physical-device/integrated API QA pending.	Last full run: 217 passed, 3 skipped, 6 failed; all six confirmed baseline/outdated expectations: 2 CustomerLocationMap, ExampleTest, 3 FirstLoginPersistence lastError expectations. See mirrored Work note.	Customer list/detail/retry/photos and Edit Livewire state; Salescall customer/call JSON, note and unplanned-call actions use decimal string IDs	CONFIRMED: Add generates negative 64-bit local IDs; Portal returns authoritative ID after transaction. Tablet stores server_id and synced status atomically only for a valid 2xx server_id. Pull uses server_id, then exact local_uuid, then legacy same-ID fallback; lost-ack protected rows retain local fields/status while gaining server_id, preventing duplicate local insert. UUID ID conflicts fail closed. Livewire/Alpine customer IDs are serialized as strings. Isolated tests pass; read-only local DB has zero synced/null-server_id rows but two pre-existing duplicate server_id groups (origin unknown; untouched).	NEEDS RUNTIME EVIDENCE	Static path was inspected and disposable live Portal API flow exercised representative values across all six Company variants, Portal pull, Tablet hydration, and Tablet Customer View. This row lacks same-value assertion across every listed boundary/variant; do not infer alignment from matching names.
system	Portal Customer identity	all	response server_id	system-generated / not editable	Portal generated	DB primary key	customers.server_id	Yes after push	server_id on later update	Portal integer identity	integer on update, matched with local_uuid	customers.id	authoritative Portal PK	not shown	Tablet map keyed by server_id	COMPLETE	—	—	SyncController response; SyncService::markSynced	Existing field path retained; no defect established.	NOT_EXERCISED	Not covered by the isolated outlet Add Customer E2E fixture.	OMMC (outlet), Last Mile (outlet), Fleet (fleet), OE (oe), IB (ib), CAR_CLUBS (outlet; extra mapped variant)	SYSTEM-OWNED; not a user-entered required field.	No unconditional required rule; see field value/type/relationship rule below.	No unconditional API required rule; see field value/type/relationship rule below.	SYSTEM_OWNED_INVARIANT; applicable only to generated/supplied sync metadata.	Visible for the listed profile/condition; enabled control; empty selection accepted unless noted.	SYSTEM_OWNED / not user input	SYSTEM_OWNED / not user input	Human functional acceptance granted for Customer synchronization and view-alignment scope (2026-10-10). Fleet FLEET3741 Customer Information, Fleet Profile, Owner Profile, and Annual Category values observed in Portal. Row-level evidence and deferred blockers remain distinguished in this matrix and Work note.	OMMC-20261009 isolated feature validation: Portal 30 passed/350 assertions; Tablet 56 passed/426 assertions. Live physical-device/integrated API QA pending.	Last full run: 217 passed, 3 skipped, 6 failed; all six confirmed baseline/outdated expectations: 2 CustomerLocationMap, ExampleTest, 3 FirstLoginPersistence lastError expectations. See mirrored Work note.	System-specific: status/action indicator where applicable; identity and timestamps are not displayed	No field-specific loss established from current code alone; compare local, request, Portal row, pull payload, and rendered state for the target Customer.	NEEDS RUNTIME EVIDENCE	Static path was inspected and disposable live Portal API flow exercised representative values across all six Company variants, Portal pull, Tablet hydration, and Tablet Customer View. This row lacks same-value assertion across every listed boundary/variant; do not infer alignment from matching names.
system	Creator / created_by	all	not a form field	system-generated / not editable	Portal actor-derived	authenticated Portal API user	local customers.created_by remains unset by Add Customer	No local attribution	omitted	Portal auth actor	Portal sets created_by only on create	customers.created_by	API-authenticated creator attribution	not shown in Customer Profile	not included in Tablet pull customer row	DERIVED_BY_PORTAL	—	Keep creator attribution separate from Access and Person in Charge.	Tablet does not set/push created_by; SyncController sets auth()->id() only for newly created Portal Customer	Existing field path retained; no defect established.	NOT_EXERCISED	Not covered by the isolated outlet Add Customer E2E fixture.	OMMC (outlet), Last Mile (outlet), Fleet (fleet), OE (oe), IB (ib), CAR_CLUBS (outlet; extra mapped variant)	SYSTEM-OWNED; not user-entered.	Not submitted.	Derived from authenticated Portal API actor on create.	SYSTEM_OWNED_INVARIANT + DATABASE_NOT_NULL_CONSTRAINT satisfied by API actor.	Not shown.	SYSTEM_OWNED / not user input	SYSTEM_OWNED / not user input	Human functional acceptance granted for Customer synchronization and view-alignment scope (2026-10-10). Fleet FLEET3741 Customer Information, Fleet Profile, Owner Profile, and Annual Category values observed in Portal. Row-level evidence and deferred blockers remain distinguished in this matrix and Work note.	OMMC-20261009 isolated feature validation: Portal 30 passed/350 assertions; Tablet 56 passed/426 assertions. Live physical-device/integrated API QA pending.	Last full run: 217 passed, 3 skipped, 6 failed; all six confirmed baseline/outdated expectations: 2 CustomerLocationMap, ExampleTest, 3 FirstLoginPersistence lastError expectations. See mirrored Work note.	System-specific: status/action indicator where applicable; identity and timestamps are not displayed	No field-specific loss established from current code alone; compare local, request, Portal row, pull payload, and rendered state for the target Customer.	NEEDS RUNTIME EVIDENCE	Static path was inspected and disposable live Portal API flow exercised representative values across all six Company variants, Portal pull, Tablet hydration, and Tablet Customer View. This row lacks same-value assertion across every listed boundary/variant; do not infer alignment from matching names.
system	Authenticated Tablet User / default Access	all	mount() auth()->id() in access_user_ids	system-generated / not editable	system default, editable	authenticated local User	customer_user local pivot	Yes	access_user_emails	current email strings for users in local customer_user pivot	Portal actor authenticates request; no customer Access inferred	customer_user Portal pivot	Portal actor is creator only; not equivalent to Access	ViewCustomer Access/RSM	Access emails map to exact Tablet-local users	COMPLETE	Previously silently omitted by the shared customer push.	Implemented with exact email resolution and pull round-trip.	CustomerCreatePage::mount; local saveAggregate; payload omission; Portal created_by assignment	Same Access email contract as editable Access control; exact resolution and no-RSM behavior covered by Portal/Tablet contract tests.	PASS	Authenticated local actor included in Access pivot, resolved by email on Portal, and returned to Tablet local pivot.	OMMC (outlet), Last Mile (outlet), Fleet (fleet), OE (oe), IB (ib), CAR_CLUBS (outlet; extra mapped variant)	OPTIONAL relationship; current UI defaults authenticated user, but user may clear it.	nullable|array; each supplied local User ID must exist. A dead helper has RSM rule but saveCustomer does not call it.	access_user_emails optional; each submitted email required/unique/resolves exactly; no RSM required by API.	RELATIONSHIP_INTEGRITY_REQUIREMENT only when selected; dead RSM validator is not active.	Visible editable multiselect; default includes logged-in user; empty selection can be submitted.	SYSTEM_OWNED / not user input	SYSTEM_OWNED / not user input	Human functional acceptance granted for Customer synchronization and view-alignment scope (2026-10-10). Fleet FLEET3741 Customer Information, Fleet Profile, Owner Profile, and Annual Category values observed in Portal. Row-level evidence and deferred blockers remain distinguished in this matrix and Work note.	OMMC-20261009 isolated feature validation: Portal 30 passed/350 assertions; Tablet 56 passed/426 assertions. Live physical-device/integrated API QA pending.	Last full run: 217 passed, 3 skipped, 6 failed; all six confirmed baseline/outdated expectations: 2 CustomerLocationMap, ExampleTest, 3 FirstLoginPersistence lastError expectations. See mirrored Work note.	Not rendered in Tablet Customer View	CONFIRMED VIEW OMISSION: field/relationship may persist and sync, but current Customer detail has no corresponding renderer.	NEEDS RUNTIME EVIDENCE	Static path was inspected and disposable live Portal API flow exercised representative values across all six Company variants, Portal pull, Tablet hydration, and Tablet Customer View. This row lacks same-value assertion across every listed boundary/variant; do not infer alignment from matching names.
system	Sync status / retries	all	sync_status, sync_attempts, sync_error, synced_at	system-generated / not editable	system managed	pending/failed/retryable states	customers sync metadata	Yes	not sent as Customer business fields	local workflow metadata only	not applicable	none	Portal Customer API is separate from local sync metadata	Customer Page indicator/actions	not pulled	INTENTIONALLY_NOT_SYNCED	—	Preserve pending/failed manual Customer push eligibility.	SyncService::pushCustomer; Customer Page pending indicator Work	Normal pending/under-limit pushes remain automatic; explicit exhausted retry uses the existing CustomerEditPage, requires a changed saved payload, verifies current location membership, compare-and-set claims one Customer as syncing, sends through the normal validated API, preserves Customer identity/code/token and error history, and updates state only from response. Focused retry tests pass; one older automatic-push failure-state regression assertion remains unresolved.	NOT_EXERCISED	Tablet tests use disposable RefreshDatabase storage and HTTP fakes; no integrated Portal DB push/retry/pull E2E. Physical iPad acceptance pending.	OMMC (outlet), Last Mile (outlet), Fleet (fleet), OE (oe), IB (ib), CAR_CLUBS (outlet; extra mapped variant)	SYSTEM-OWNED; not a user-entered required field.	No unconditional required rule; see field value/type/relationship rule below.	No unconditional API required rule; see field value/type/relationship rule below.	SYSTEM_OWNED_INVARIANT; applicable only to generated/supplied sync metadata.	Visible for the listed profile/condition; enabled control; empty selection accepted unless noted.	SYSTEM_OWNED / not user input	SYSTEM_OWNED / not user input	Human functional acceptance granted for Customer synchronization and view-alignment scope (2026-10-10). Fleet FLEET3741 Customer Information, Fleet Profile, Owner Profile, and Annual Category values observed in Portal. Row-level evidence and deferred blockers remain distinguished in this matrix and Work note.	OMMC-20261009 isolated feature validation: Portal 30 passed/350 assertions; Tablet 56 passed/426 assertions. Live physical-device/integrated API QA pending.	Last full run: 217 passed, 3 skipped, 6 failed; all six confirmed baseline/outdated expectations: 2 CustomerLocationMap, ExampleTest, 3 FirstLoginPersistence lastError expectations. See mirrored Work note.	System-specific: status/action indicator where applicable; identity and timestamps are not displayed	No field-specific loss established from current code alone; compare local, request, Portal row, pull payload, and rendered state for the target Customer.	NEEDS RUNTIME EVIDENCE	Static path was inspected and disposable live Portal API flow exercised representative values across all six Company variants, Portal pull, Tablet hydration, and Tablet Customer View. This row lacks same-value assertion across every listed boundary/variant; do not infer alignment from matching names.
system	Timestamps	all	created_at/updated_at/synced_at/server_updated_at	system-generated / not editable	system managed	clock/API response	local DB timestamps and sync metadata	Yes	base_updated_at only for update; local timestamps omitted	Portal writes its timestamps; updated_at returned	base_updated_at date for optimistic conflict	customers.created_at/updated_at	Portal server timestamps; server_updated_at mirrored locally	not shown	server updated_at used for next update base	DERIVED_BY_PORTAL	—	—	SyncController save/response; SyncService markSynced	Existing field path retained; no defect established.	NOT_EXERCISED	Not covered by the isolated outlet Add Customer E2E fixture.	OMMC (outlet), Last Mile (outlet), Fleet (fleet), OE (oe), IB (ib), CAR_CLUBS (outlet; extra mapped variant)	SYSTEM-OWNED; not a user-entered required field.	No unconditional required rule; see field value/type/relationship rule below.	No unconditional API required rule; see field value/type/relationship rule below.	SYSTEM_OWNED_INVARIANT; applicable only to generated/supplied sync metadata.	Visible for the listed profile/condition; enabled control; empty selection accepted unless noted.	SYSTEM_OWNED / not user input	SYSTEM_OWNED / not user input	Human functional acceptance granted for Customer synchronization and view-alignment scope (2026-10-10). Fleet FLEET3741 Customer Information, Fleet Profile, Owner Profile, and Annual Category values observed in Portal. Row-level evidence and deferred blockers remain distinguished in this matrix and Work note.	OMMC-20261009 isolated feature validation: Portal 30 passed/350 assertions; Tablet 56 passed/426 assertions. Live physical-device/integrated API QA pending.	Last full run: 217 passed, 3 skipped, 6 failed; all six confirmed baseline/outdated expectations: 2 CustomerLocationMap, ExampleTest, 3 FirstLoginPersistence lastError expectations. See mirrored Work note.	System-specific: status/action indicator where applicable; identity and timestamps are not displayed	No field-specific loss established from current code alone; compare local, request, Portal row, pull payload, and rendered state for the target Customer.	NEEDS RUNTIME EVIDENCE	Static path was inspected and disposable live Portal API flow exercised representative values across all six Company variants, Portal pull, Tablet hydration, and Tablet Customer View. This row lacks same-value assertion across every listed boundary/variant; do not infer alignment from matching names.
Portal comparison	Landmass (island group)	Portal create only	landmass_code	Portal-only control; absent from Tablet Add Customer	Portal form requires it; Tablet Add Customer has no control or payload key	Portal-configured landmass options / coordinate suggestion	not in Tablet Customer schema/form	No	omitted	none	Portal sync currently does not require it; Portal Filament form .required()	customers.landmass_code	scheduling geography; source is separate system metadata	not shown in ViewCustomer	none	AMBIGUOUS	Portal create form requires Landmass; Tablet does not expose or synchronize it, and itinerary guidance says a customer without it is not scheduled.	Determine whether the Tablet creation contract must include or derive the Portal-required scheduling Landmass.	Portal CustomerForm landmass_code required; Tablet form/payload/pull omit; SyncController does not validate	Existing field path retained; no defect established.	NOT_EXERCISED	Not covered by the isolated outlet Add Customer E2E fixture.	Portal-only comparison; not an iPad Add control	Not an iPad Add control; Portal standalone Filament form makes it required.	No Tablet rule/control/payload.	Sync API does not require it; Portal Filament CustomerForm uses required(); DB column nullable.	PORTAL_FILAMENT_UI_REQUIRED_RULE only; outside Tablet push API route.	Portal-only control, not visible in Tablet variants.	OUTSIDE_TABLET	API field absent or nullable; separate Portal UI may differ	Human functional acceptance granted for Customer synchronization and view-alignment scope (2026-10-10). Fleet FLEET3741 Customer Information, Fleet Profile, Owner Profile, and Annual Category values observed in Portal. Row-level evidence and deferred blockers remain distinguished in this matrix and Work note.	OMMC-20261009 isolated feature validation: Portal 30 passed/350 assertions; Tablet 56 passed/426 assertions. Live physical-device/integrated API QA pending.	Last full run: 217 passed, 3 skipped, 6 failed; all six confirmed baseline/outdated expectations: 2 CustomerLocationMap, ExampleTest, 3 FirstLoginPersistence lastError expectations. See mirrored Work note.	Portal-only / legacy; no Tablet Customer View destination	Not a Tablet-owned Add/Edit field; no Tablet rendering contract expected.	NOT IMPLEMENTED	Portal-only/system profile value; no Tablet Add input, SQLite destination, push key, pull mapping, or Tablet display. Existing Work scope deferred Landmass; no omission of an exposed Tablet Add field is established.
Portal comparison	Legacy Contact Number	Portal data/API only	contact_number	Portal-only control; absent from Tablet Add Customer	No current Portal form control found; Tablet Add Customer has no field	free text legacy column	customers.contact_number column exists but Add save never sets it	No	contact_number included from local model (normally null)	nullable string	nullable|string|max:50	customers.contact_number	legacy scalar contact phone; distinct from business landline/mobile	not displayed on current Profile	customer.contact_number roundtrip	INTENTIONALLY_NOT_SYNCED	Portal API and Tablet schema support legacy contact_number, but current Tablet form does not expose it and local Add leaves it null.	Treat as Portal-only/legacy unless product authority says it is semantically needed; do not alias Business Mobile.	CustomerCreatePage no contact_number control/fill; Portal form/Profile omit it; Portal API field remains	Existing field path retained; no defect established.	NOT_EXERCISED	Not covered by the isolated outlet Add Customer E2E fixture.	Portal-only comparison; not an iPad Add control	OPTIONAL: may be blank; validate only if supplied.	No unconditional required rule; see field value/type/relationship rule below.	No unconditional API required rule; see field value/type/relationship rule below.	Outside Tablet form; refer to portal-specific note.	Visible for the listed profile/condition; enabled control; empty selection accepted unless noted.	OUTSIDE_TABLET	API field absent or nullable; separate Portal UI may differ	Human functional acceptance granted for Customer synchronization and view-alignment scope (2026-10-10). Fleet FLEET3741 Customer Information, Fleet Profile, Owner Profile, and Annual Category values observed in Portal. Row-level evidence and deferred blockers remain distinguished in this matrix and Work note.	OMMC-20261009 isolated feature validation: Portal 30 passed/350 assertions; Tablet 56 passed/426 assertions. Live physical-device/integrated API QA pending.	Last full run: 217 passed, 3 skipped, 6 failed; all six confirmed baseline/outdated expectations: 2 CustomerLocationMap, ExampleTest, 3 FirstLoginPersistence lastError expectations. See mirrored Work note.	Portal-only / legacy; no Tablet Customer View destination	CORRECTED: Portal sync applies optional scalar only when supplied; omitted values preserve current state and explicit nullable values clear. Required name/company, FK validation and system-owned Customer Code remain unchanged.	NOT IMPLEMENTED	Portal legacy customers.contact_number is not exposed by current Tablet Add UI; business landline/mobile are distinct supported fields and are round-trip exercised.
system	Customer type/profile discriminator	all	derived from company_id -> profileType()	system-derived; not directly editable	No	Company-to-profile map	customer_trade_profiles.profile_type	Yes	profile_type	outlet/fleet/oe/ib discriminator	nullable enum; Portal defaults from Company and requires a match	customer_trade_profiles.profile_type	Portal profile type discriminator	ViewCustomer Profile Type	customer_trade_profiles.profile_type	COMPLETE	—	—	Tablet CustomerProfileFormService::profileForCompany; CustomerCreatePage profileType; SyncService::pushCustomerRecord; Portal SyncController; ViewCustomer	Existing field path retained; no defect established.	NOT_EXERCISED	Not covered by the isolated outlet Add Customer E2E fixture.	OMMC (outlet), Last Mile (outlet), Fleet (fleet), OE (oe), IB (ib), CAR_CLUBS (outlet; extra mapped variant)	SYSTEM-OWNED; not a user-entered required field.	No unconditional required rule; see field value/type/relationship rule below.	No unconditional API required rule; see field value/type/relationship rule below.	SYSTEM_OWNED_INVARIANT; applicable only to generated/supplied sync metadata.	Visible for the listed profile/condition; enabled control; empty selection accepted unless noted.	SYSTEM_OWNED / not user input	SYSTEM_OWNED / not user input	Human functional acceptance granted for Customer synchronization and view-alignment scope (2026-10-10). Fleet FLEET3741 Customer Information, Fleet Profile, Owner Profile, and Annual Category values observed in Portal. Row-level evidence and deferred blockers remain distinguished in this matrix and Work note.	OMMC-20261009 isolated feature validation: Portal 30 passed/350 assertions; Tablet 56 passed/426 assertions. Live physical-device/integrated API QA pending.	Last full run: 217 passed, 3 skipped, 6 failed; all six confirmed baseline/outdated expectations: 2 CustomerLocationMap, ExampleTest, 3 FirstLoginPersistence lastError expectations. See mirrored Work note.	customerDetail.tradeProfile typed columns and/or profile_data.active scalar loop; nested values may not render	No field-specific loss established from current code alone; compare local, request, Portal row, pull payload, and rendered state for the target Customer.	NEEDS RUNTIME EVIDENCE	Static path was inspected and disposable live Portal API flow exercised representative values across all six Company variants, Portal pull, Tablet hydration, and Tablet Customer View. This row lacks same-value assertion across every listed boundary/variant; do not infer alignment from matching names.
